[2026-09-27T18:57:31.457449+05:30] [INFO] Cleared transient live metrics at startup (--reset).
[2026-09-27T18:57:31.458989+05:30] [INFO] Starting dashboard server on http://127.0.0.1:8000/federation-process.html
[2026-09-27T19:00:14.867944+05:30] [INFO] Cleared transient live metrics at startup (--reset).
[2026-09-27T19:00:14.867944+05:30] [INFO] Starting dashboard server on http://127.0.0.1:8000/federation-process.html
[2026-09-27T19:00:38.841565+05:30] [INFO] Comparison requested. Clean data will be saved before poisoned training begins.
[2026-09-27T19:00:38.843082+05:30] [INFO] Starting clean experiment (4 rounds).
[2026-09-27T19:13:01.384541+05:30] [INFO] Saved clean snapshot with completed metrics; it will remain available during the next run.
[2026-09-27T19:13:01.386050+05:30] [INFO] Clean experiment completed successfully.
[2026-09-27T19:13:01.386050+05:30] [INFO] Clean snapshot is preserved. Switching to poisoned experiment.
[2026-09-27T19:13:01.389070+05:30] [INFO] Starting poisoned experiment (4 rounds).
[2026-09-27T23:07:29.974850+05:30] [INFO] Cleared transient live metrics at startup (--reset).
[2026-09-27T23:07:29.974850+05:30] [INFO] Starting dashboard server on http://127.0.0.1:8000/federation-process.html
[2026-09-27T23:07:40.625604+05:30] [INFO] Comparison requested. Clean data will be saved before poisoned training begins.
[2026-09-27T23:07:40.625604+05:30] [INFO] Starting clean experiment (10 rounds).
[2026-09-27T23:34:48.396002+05:30] [INFO] Cleared transient live metrics at startup (--reset).
[2026-09-27T23:34:48.396002+05:30] [INFO] Starting dashboard server on http://127.0.0.1:8000/federation-process.html
[2026-09-27T23:35:18.764014+05:30] [INFO] Comparison requested. Clean data will be saved before poisoned training begins.
[2026-09-27T23:35:18.765528+05:30] [INFO] Starting clean experiment (5 rounds).
[2026-09-27T23:46:13.335989+05:30] [INFO] Cleared transient live metrics at startup (--reset).
[2026-09-27T23:46:13.341234+05:30] [INFO] Starting dashboard server on http://127.0.0.1:8000/federation-process.html
[2026-09-27T23:46:40.436995+05:30] [INFO] Comparison requested. Clean data will be saved before poisoned training begins.
[2026-09-27T23:46:40.438976+05:30] [INFO] Starting clean experiment (4 rounds).
[2026-09-27T23:48:39.981733+05:30] [ERROR] Clean experiment exited with code 1.
[2026-09-27T23:51:09.450646+05:30] [INFO] Starting dashboard server on http://127.0.0.1:8000/federation-process.html
[2026-09-27T23:51:23.054920+05:30] [INFO] Cleared transient live metrics at startup (--reset).
[2026-09-27T23:51:23.054920+05:30] [INFO] Starting dashboard server on http://127.0.0.1:8000/federation-process.html
[2026-09-27T23:53:59.265725+05:30] [INFO] Cleared transient live metrics at startup (--reset).
[2026-09-27T23:53:59.265725+05:30] [INFO] Starting dashboard server on http://127.0.0.1:8000/federation-process.html
[2026-09-27T23:55:00.367211+05:30] [INFO] Starting dashboard server on http://127.0.0.1:8000/federation-process.html
[2026-09-27T23:55:40.793113+05:30] [INFO] Cleared transient live metrics at startup (--reset).
[2026-09-27T23:55:40.794631+05:30] [INFO] Starting dashboard server on http://127.0.0.1:8000/federation-process.html
[2026-09-27T23:55:52.141183+05:30] [INFO] Comparison requested. Clean data will be saved before poisoned training begins.
[2026-09-27T23:55:52.142252+05:30] [INFO] Starting clean experiment (10 rounds).
[2026-09-27T23:55:52.142252+05:30] [INFO] Using isolated Flower runtime: dashboard-clean-20260927-235552-142252
[2026-09-28T00:08:03.755384+05:30] [INFO] Saved clean snapshot with completed metrics; it will remain available during the next run.
[2026-09-28T00:08:03.755384+05:30] [INFO] Clean experiment completed successfully.
[2026-09-28T00:08:03.756898+05:30] [INFO] Clean snapshot is preserved. Switching to poisoned experiment.
[2026-09-28T00:08:03.763148+05:30] [INFO] Starting poisoned experiment (10 rounds).
[2026-09-28T00:08:03.764658+05:30] [INFO] Using isolated Flower runtime: dashboard-poisoned-20260928-000803-764658
[2026-09-28T00:16:41.872245+05:30] [INFO] Saved poisoned snapshot with completed metrics; it will remain available during the next run.
[2026-09-28T00:16:41.872245+05:30] [INFO] Poisoned experiment completed successfully.
[2026-09-28T00:16:41.872245+05:30] [INFO] Comparison finished. Both clean and poisoned rows are available below.
[2026-09-28T00:16:41.878067+05:30] [INFO] Cleared transient live metrics after completion; snapshots remain available.
[2026-09-28T00:19:50.378485+05:30] [DEBUG] Reset transient live metrics (client fragments, status files, live CSVs, phase file).
[2026-09-28T00:19:50.378485+05:30] [INFO] Cleared transient live metrics at startup (--reset).
[2026-09-28T00:19:50.379000+05:30] [INFO] Starting dashboard server on http://127.0.0.1:8011/federation-process.html
[2026-09-28T00:19:52.071784+05:30] [DEBUG] GET /api/run-state -> running=False phase=idle clean_exit=None poisoned_exit=None
[2026-09-28T00:20:08.005804+05:30] [DEBUG] Reset transient live metrics (client fragments, status files, live CSVs, phase file).
[2026-09-28T00:20:08.005804+05:30] [INFO] Cleared transient live metrics at startup (--reset).
[2026-09-28T00:20:08.005804+05:30] [INFO] Starting dashboard server on http://127.0.0.1:8000/federation-process.html
[2026-09-28T00:20:25.294109+05:30] [INFO] Comparison requested. Clean data will be saved before poisoned training begins.
[2026-09-28T00:20:25.294974+05:30] [INFO] Starting clean experiment (10 rounds).
[2026-09-28T00:20:25.295493+05:30] [INFO] Using isolated Flower runtime: dashboard-clean-20260928-002025-294974
[2026-09-28T00:28:20.638510+05:30] [INFO] Saved clean snapshot with completed metrics; it will remain available during the next run.
[2026-09-28T00:28:20.638510+05:30] [INFO] Clean experiment completed successfully.
[2026-09-28T00:28:20.638510+05:30] [INFO] Clean snapshot is preserved. Switching to poisoned experiment.
[2026-09-28T00:28:20.644023+05:30] [INFO] Starting poisoned experiment (10 rounds).
[2026-09-28T00:28:20.645534+05:30] [INFO] Using isolated Flower runtime: dashboard-poisoned-20260928-002820-644023
[2026-09-28T00:36:28.054223+05:30] [INFO] Saved poisoned snapshot with completed metrics; it will remain available during the next run.
[2026-09-28T00:36:28.054768+05:30] [INFO] Poisoned experiment completed successfully.
[2026-09-28T00:36:28.055279+05:30] [INFO] Comparison finished. Both clean and poisoned rows are available below.
[2026-09-28T00:36:28.060564+05:30] [INFO] Cleared transient live metrics after completion; snapshots remain available.
[2026-09-28T00:42:24.409545+05:30] [DEBUG] Reset transient live metrics (client fragments, status files, live CSVs, phase file).
[2026-09-28T00:42:24.411055+05:30] [INFO] Cleared transient live metrics at startup (--reset).
[2026-09-28T00:42:24.411055+05:30] [INFO] Starting dashboard server on http://127.0.0.1:8012/federation-process.html
[2026-09-28T00:42:26.142028+05:30] [DEBUG] GET /api/run-state -> running=False phase=idle clean_exit=None poisoned_exit=None
[2026-09-28T00:42:26.160970+05:30] [WARNING] POST /api/start-comparison rejected malformed JSON payload
[2026-09-28T00:44:06.566305+05:30] [DEBUG] Reset transient live metrics (client fragments, status files, live CSVs, phase file).
[2026-09-28T00:44:06.566305+05:30] [INFO] Cleared transient live metrics at startup (--reset).
[2026-09-28T00:44:06.567822+05:30] [INFO] Starting dashboard server on http://127.0.0.1:8000/federation-process.html
[2026-09-28T00:44:21.121140+05:30] [INFO] Comparison requested. Clean data will be saved before poisoned training begins.
[2026-09-28T00:44:21.121982+05:30] [INFO] Starting clean experiment (2 rounds).
[2026-09-28T00:44:21.122499+05:30] [INFO] Using isolated Flower runtime: dashboard-clean-20260928-004421-121982
[2026-09-28T00:50:39.872945+05:30] [INFO] Saved clean snapshot with completed metrics; it will remain available during the next run.
[2026-09-28T00:50:39.873456+05:30] [INFO] Clean experiment completed successfully.
[2026-09-28T00:50:39.873456+05:30] [INFO] Clean snapshot is preserved. Switching to poisoned experiment.
[2026-09-28T00:50:39.876133+05:30] [INFO] Starting poisoned experiment (2 rounds).
[2026-09-28T00:50:39.876643+05:30] [INFO] Using isolated Flower runtime: dashboard-poisoned-20260928-005039-876133
[2026-09-28T00:57:11.318307+05:30] [INFO] Saved poisoned snapshot with completed metrics; it will remain available during the next run.
[2026-09-28T00:57:11.318889+05:30] [INFO] Poisoned experiment completed successfully.
[2026-09-28T00:57:11.319402+05:30] [INFO] Comparison finished. Both clean and poisoned rows are available below.
[2026-09-28T00:57:11.321531+05:30] [INFO] Cleared transient live metrics after completion; snapshots remain available.
[2026-09-30T06:25:56.117371+05:30] [DEBUG] Reset transient live metrics (client fragments, status files, live CSVs, phase file).
[2026-09-30T06:25:56.682628+05:30] [INFO] Cleared transient live metrics at startup (--reset).
[2026-09-30T06:25:56.682628+05:30] [INFO] Starting dashboard server on http://127.0.0.1:8000/federation-process.html
[2026-09-30T06:25:57.123042+05:30] [DEBUG] GET /api/run-state -> running=False phase=idle clean_exit=None poisoned_exit=None
[2026-09-30T06:25:57.123042+05:30] [DEBUG] GET /api/metrics -> clients=0 global=0 statuses=0 phase=n/a
[2026-09-30T06:25:57.445118+05:30] [DEBUG] GET /api/comparison -> clean_clients=10 poisoned_clients=10
[2026-09-30T06:26:02.123301+05:30] [DEBUG] GET /api/run-state -> running=False phase=idle clean_exit=None poisoned_exit=None
[2026-09-30T06:26:02.124810+05:30] [DEBUG] GET /api/metrics -> clients=0 global=0 statuses=0 phase=n/a
[2026-09-30T06:26:03.127444+05:30] [DEBUG] GET /api/comparison -> clean_clients=10 poisoned_clients=10
[2026-09-30T06:26:07.124019+05:30] [DEBUG] GET /api/run-state -> running=False phase=idle clean_exit=None poisoned_exit=None
[2026-09-30T06:26:07.125532+05:30] [DEBUG] GET /api/metrics -> clients=0 global=0 statuses=0 phase=n/a
[2026-09-30T06:26:08.134518+05:30] [DEBUG] GET /api/comparison -> clean_clients=10 poisoned_clients=10
[2026-09-30T06:26:12.116468+05:30] [DEBUG] GET /api/run-state -> running=False phase=idle clean_exit=None poisoned_exit=None
[2026-09-30T06:26:12.117987+05:30] [DEBUG] GET /api/metrics -> clients=0 global=0 statuses=0 phase=n/a
[2026-09-30T06:26:14.120966+05:30] [DEBUG] GET /api/comparison -> clean_clients=10 poisoned_clients=10
[2026-09-30T06:26:17.122370+05:30] [DEBUG] GET /api/run-state -> running=False phase=idle clean_exit=None poisoned_exit=None
[2026-09-30T06:26:17.123380+05:30] [DEBUG] GET /api/metrics -> clients=0 global=0 statuses=0 phase=n/a
[2026-09-30T06:26:19.119005+05:30] [DEBUG] GET /api/comparison -> clean_clients=10 poisoned_clients=10
[2026-09-30T06:26:21.715461+05:30] [DEBUG] POST /api/start-comparison payload={'num_server_rounds': 8, 'poison_mode': 'gaussian_noise', 'poison_client_ids': '1,2,3', 'poison_rate_default': 0, 'poison_rate_map': '1:0.4000,2:0.6000,3:0.4000', 'poison_label_flip_offset': 1, 'poison_noise_std': 0.15}
[2026-09-30T06:26:21.716968+05:30] [DEBUG] POST /api/start-comparison result started=True
[2026-09-30T06:26:21.716968+05:30] [DEBUG] Loaded environment overrides from E:\FedSecureLab\.env (25 keys)
[2026-09-30T06:26:21.716968+05:30] [DEBUG] Comparison effective config: rounds=8 poison_mode=gaussian_noise poison_client_ids=1,2,3 poison_rate_default=0 poison_rate_map=1:0.4000,2:0.6000,3:0.4000 label_flip_offset=1 noise_std=0.15
[2026-09-30T06:26:21.716968+05:30] [INFO] Comparison requested. Clean data will be saved before poisoned training begins.
[2026-09-30T06:26:21.718516+05:30] [DEBUG] Reset transient live metrics (client fragments, status files, live CSVs, phase file).
[2026-09-30T06:26:21.719285+05:30] [INFO] Starting clean experiment (8 rounds).
[2026-09-30T06:26:21.719816+05:30] [INFO] Using isolated Flower runtime: dashboard-clean-20260930-062621-719285
[2026-09-30T06:26:21.720507+05:30] [DEBUG] Prepared runtime env for clean: FLWR_HOME=E:\FedSecureLab\.flwr-runs\dashboard-clean-20260930-062621-719285 TMP=E:\FedSecureLab\.runtime-tmp
[2026-09-30T06:26:21.720507+05:30] [DEBUG] Launching clean command: E:\FedSecureLab\.venv\Scripts\python.exe -m flwr.cli.app run E:\FedSecureLab --stream --federation-config num-supernodes=5 client-resources-num-cpus=1 client-resources-num-gpus=0 --run-config num-server-rounds=8 local-epochs=1 batch-size=32 learning-rate=0.001 seed=42 poison-mode="none" poison-label-flip-offset=1 poison-noise-std=0.15 poison-rate-default=0 poison-rate-map=""
[2026-09-30T06:26:22.119743+05:30] [DEBUG] GET /api/run-state -> running=True phase=clean clean_exit=None poisoned_exit=None
[2026-09-30T06:26:22.119743+05:30] [DEBUG] GET /api/metrics -> clients=0 global=0 statuses=0 phase=n/a
[2026-09-30T06:26:24.128591+05:30] [DEBUG] GET /api/comparison -> clean_clients=10 poisoned_clients=10
[2026-09-30T06:26:27.129798+05:30] [DEBUG] GET /api/run-state -> running=True phase=clean clean_exit=None poisoned_exit=None
[2026-09-30T06:26:27.131316+05:30] [DEBUG] GET /api/metrics -> clients=0 global=0 statuses=0 phase=n/a
[2026-09-30T06:26:29.124923+05:30] [DEBUG] GET /api/comparison -> clean_clients=10 poisoned_clients=10
[2026-09-30T06:26:32.128515+05:30] [DEBUG] GET /api/run-state -> running=True phase=clean clean_exit=None poisoned_exit=None
[2026-09-30T06:26:33.128248+05:30] [DEBUG] GET /api/metrics -> clients=0 global=0 statuses=0 phase=n/a
[2026-09-30T06:26:34.120505+05:30] [DEBUG] GET /api/comparison -> clean_clients=10 poisoned_clients=10
[2026-09-30T06:26:37.120131+05:30] [DEBUG] GET /api/run-state -> running=True phase=clean clean_exit=None poisoned_exit=None
[2026-09-30T06:26:38.120254+05:30] [DEBUG] GET /api/metrics -> clients=0 global=0 statuses=0 phase=n/a
[2026-09-30T06:26:39.127258+05:30] [DEBUG] GET /api/comparison -> clean_clients=10 poisoned_clients=10
[2026-09-30T06:26:42.119562+05:30] [DEBUG] GET /api/run-state -> running=True phase=clean clean_exit=None poisoned_exit=None
[2026-09-30T06:26:43.119535+05:30] [DEBUG] GET /api/metrics -> clients=0 global=0 statuses=0 phase=n/a
[2026-09-30T06:26:44.119167+05:30] [DEBUG] GET /api/comparison -> clean_clients=10 poisoned_clients=10
[2026-09-30T06:26:47.128831+05:30] [DEBUG] GET /api/run-state -> running=True phase=clean clean_exit=None poisoned_exit=None
[2026-09-30T06:26:48.117982+05:30] [DEBUG] GET /api/metrics -> clients=0 global=0 statuses=0 phase=n/a
[2026-09-30T06:26:49.125840+05:30] [DEBUG] GET /api/comparison -> clean_clients=10 poisoned_clients=10
[2026-09-30T06:26:52.129855+05:30] [DEBUG] GET /api/run-state -> running=True phase=clean clean_exit=None poisoned_exit=None
[2026-09-30T06:26:53.126600+05:30] [DEBUG] GET /api/metrics -> clients=0 global=0 statuses=0 phase=n/a
[2026-09-30T06:26:54.122407+05:30] [DEBUG] GET /api/comparison -> clean_clients=10 poisoned_clients=10
[2026-09-30T06:26:57.115625+05:30] [DEBUG] GET /api/run-state -> running=True phase=clean clean_exit=None poisoned_exit=None
[2026-09-30T06:26:58.121380+05:30] [DEBUG] GET /api/metrics -> clients=0 global=0 statuses=0 phase=n/a
[2026-09-30T06:26:59.130879+05:30] [DEBUG] GET /api/comparison -> clean_clients=10 poisoned_clients=10
[2026-09-30T06:27:02.123768+05:30] [DEBUG] GET /api/run-state -> running=True phase=clean clean_exit=None poisoned_exit=None
[2026-09-30T06:27:03.121330+05:30] [DEBUG] GET /api/metrics -> clients=0 global=0 statuses=0 phase=n/a
[2026-09-30T06:27:05.122773+05:30] [DEBUG] GET /api/comparison -> clean_clients=10 poisoned_clients=10
[2026-09-30T06:27:07.124672+05:30] [DEBUG] GET /api/run-state -> running=True phase=clean clean_exit=None poisoned_exit=None
[2026-09-30T06:27:08.120982+05:30] [DEBUG] GET /api/metrics -> clients=0 global=0 statuses=0 phase=n/a
[2026-09-30T06:27:10.124536+05:30] [DEBUG] GET /api/comparison -> clean_clients=10 poisoned_clients=10
[2026-09-30T06:27:12.129462+05:30] [DEBUG] GET /api/run-state -> running=True phase=clean clean_exit=None poisoned_exit=None
[2026-09-30T06:27:13.130151+05:30] [DEBUG] GET /api/metrics -> clients=0 global=0 statuses=0 phase=n/a
[2026-09-30T06:27:15.124009+05:30] [DEBUG] GET /api/comparison -> clean_clients=10 poisoned_clients=10
[2026-09-30T06:27:17.126510+05:30] [DEBUG] GET /api/run-state -> running=True phase=clean clean_exit=None poisoned_exit=None
[2026-09-30T06:27:18.125257+05:30] [DEBUG] GET /api/metrics -> clients=0 global=0 statuses=0 phase=n/a
[2026-09-30T06:27:20.126989+05:30] [DEBUG] GET /api/comparison -> clean_clients=10 poisoned_clients=10
[2026-09-30T06:27:22.128924+05:30] [DEBUG] GET /api/run-state -> running=True phase=clean clean_exit=None poisoned_exit=None
[2026-09-30T06:27:23.131717+05:30] [DEBUG] GET /api/metrics -> clients=0 global=0 statuses=0 phase=n/a
[2026-09-30T06:27:25.123226+05:30] [DEBUG] GET /api/comparison -> clean_clients=10 poisoned_clients=10
[2026-09-30T06:27:27.118186+05:30] [DEBUG] GET /api/run-state -> running=True phase=clean clean_exit=None poisoned_exit=None
[2026-09-30T06:27:29.128631+05:30] [DEBUG] GET /api/metrics -> clients=0 global=0 statuses=0 phase=n/a
[2026-09-30T06:27:30.118408+05:30] [DEBUG] GET /api/comparison -> clean_clients=10 poisoned_clients=10
[2026-09-30T06:27:32.124568+05:30] [DEBUG] GET /api/run-state -> running=True phase=clean clean_exit=None poisoned_exit=None
[2026-09-30T06:27:34.120819+05:30] [DEBUG] GET /api/metrics -> clients=0 global=0 statuses=0 phase=n/a
[2026-09-30T06:27:35.133304+05:30] [DEBUG] GET /api/comparison -> clean_clients=10 poisoned_clients=10
[2026-09-30T06:27:37.127276+05:30] [DEBUG] GET /api/run-state -> running=True phase=clean clean_exit=None poisoned_exit=None
[2026-09-30T06:27:39.128656+05:30] [DEBUG] GET /api/metrics -> clients=0 global=0 statuses=0 phase=n/a
[2026-09-30T06:27:41.126072+05:30] [DEBUG] GET /api/comparison -> clean_clients=10 poisoned_clients=10
[2026-09-30T06:27:42.128400+05:30] [DEBUG] GET /api/run-state -> running=True phase=clean clean_exit=None poisoned_exit=None
[2026-09-30T06:27:44.125369+05:30] [DEBUG] GET /api/metrics -> clients=0 global=0 statuses=0 phase=n/a
[2026-09-30T06:27:46.133718+05:30] [DEBUG] GET /api/comparison -> clean_clients=10 poisoned_clients=10
[2026-09-30T06:27:47.122494+05:30] [DEBUG] GET /api/run-state -> running=True phase=clean clean_exit=None poisoned_exit=None
[2026-09-30T06:27:49.120521+05:30] [DEBUG] GET /api/metrics -> clients=0 global=0 statuses=0 phase=n/a
[2026-09-30T06:27:51.131931+05:30] [DEBUG] GET /api/comparison -> clean_clients=10 poisoned_clients=10
[2026-09-30T06:27:52.118564+05:30] [DEBUG] GET /api/run-state -> running=True phase=clean clean_exit=None poisoned_exit=None
[2026-09-30T06:27:54.133856+05:30] [DEBUG] GET /api/metrics -> clients=0 global=0 statuses=0 phase=n/a
[2026-09-30T06:27:56.133059+05:30] [DEBUG] GET /api/comparison -> clean_clients=10 poisoned_clients=10
[2026-09-30T06:27:57.133733+05:30] [DEBUG] GET /api/run-state -> running=True phase=clean clean_exit=None poisoned_exit=None
[2026-09-30T06:28:00.131938+05:30] [DEBUG] GET /api/metrics -> clients=0 global=0 statuses=0 phase=n/a
[2026-09-30T06:28:02.131087+05:30] [DEBUG] GET /api/comparison -> clean_clients=10 poisoned_clients=10
[2026-09-30T06:28:03.126196+05:30] [DEBUG] GET /api/run-state -> running=True phase=clean clean_exit=None poisoned_exit=None
[2026-09-30T06:28:05.864407+05:30] [DEBUG] Clean command exited rc=1 duration=104.1s
[2026-09-30T06:28:05.864407+05:30] [ERROR] Clean experiment exited with code 1.
[2026-09-30T06:28:06.122708+05:30] [DEBUG] GET /api/metrics -> clients=0 global=0 statuses=0 phase=n/a
[2026-09-30T06:28:08.131611+05:30] [DEBUG] GET /api/run-state -> running=False phase=failed clean_exit=1 poisoned_exit=None
[2026-09-30T06:28:08.133122+05:30] [DEBUG] GET /api/comparison -> clean_clients=10 poisoned_clients=10
[2026-09-30T06:28:11.124653+05:30] [DEBUG] GET /api/metrics -> clients=0 global=0 statuses=0 phase=n/a
[2026-09-30T06:28:14.118941+05:30] [DEBUG] GET /api/run-state -> running=False phase=failed clean_exit=1 poisoned_exit=None
[2026-09-30T06:28:14.120467+05:30] [DEBUG] GET /api/comparison -> clean_clients=10 poisoned_clients=10
[2026-09-30T06:28:16.128948+05:30] [DEBUG] GET /api/metrics -> clients=0 global=0 statuses=0 phase=n/a
[2026-09-30T06:28:19.118100+05:30] [DEBUG] GET /api/run-state -> running=False phase=failed clean_exit=1 poisoned_exit=None
[2026-09-30T06:28:19.118100+05:30] [DEBUG] GET /api/comparison -> clean_clients=10 poisoned_clients=10
[2026-09-30T06:28:21.122827+05:30] [DEBUG] GET /api/metrics -> clients=0 global=0 statuses=0 phase=n/a
[2026-09-30T06:28:24.120093+05:30] [DEBUG] GET /api/run-state -> running=False phase=failed clean_exit=1 poisoned_exit=None
[2026-09-30T06:28:24.121705+05:30] [DEBUG] GET /api/comparison -> clean_clients=10 poisoned_clients=10
[2026-09-30T06:28:26.118712+05:30] [DEBUG] GET /api/metrics -> clients=0 global=0 statuses=0 phase=n/a
[2026-09-30T06:28:29.132064+05:30] [DEBUG] GET /api/run-state -> running=False phase=failed clean_exit=1 poisoned_exit=None
[2026-09-30T06:28:29.133574+05:30] [DEBUG] GET /api/comparison -> clean_clients=10 poisoned_clients=10
[2026-09-30T06:28:31.127764+05:30] [DEBUG] GET /api/metrics -> clients=0 global=0 statuses=0 phase=n/a
[2026-09-30T06:28:35.130328+05:30] [DEBUG] GET /api/run-state -> running=False phase=failed clean_exit=1 poisoned_exit=None
[2026-09-30T06:28:35.131815+05:30] [DEBUG] GET /api/comparison -> clean_clients=10 poisoned_clients=10
[2026-09-30T06:28:36.122937+05:30] [DEBUG] GET /api/metrics -> clients=0 global=0 statuses=0 phase=n/a
[2026-09-30T06:28:40.132134+05:30] [DEBUG] GET /api/run-state -> running=False phase=failed clean_exit=1 poisoned_exit=None
[2026-09-30T06:28:40.133696+05:30] [DEBUG] GET /api/comparison -> clean_clients=10 poisoned_clients=10
[2026-09-30T06:28:41.121603+05:30] [DEBUG] GET /api/metrics -> clients=0 global=0 statuses=0 phase=n/a
[2026-09-30T06:28:46.126653+05:30] [DEBUG] GET /api/run-state -> running=False phase=failed clean_exit=1 poisoned_exit=None
[2026-09-30T06:28:46.126653+05:30] [DEBUG] GET /api/metrics -> clients=0 global=0 statuses=0 phase=n/a
[2026-09-30T06:28:46.128165+05:30] [DEBUG] GET /api/comparison -> clean_clients=10 poisoned_clients=10
[2026-09-30T06:28:51.128490+05:30] [DEBUG] GET /api/run-state -> running=False phase=failed clean_exit=1 poisoned_exit=None
[2026-09-30T06:28:51.130130+05:30] [DEBUG] GET /api/metrics -> clients=0 global=0 statuses=0 phase=n/a
[2026-09-30T06:28:51.130130+05:30] [DEBUG] GET /api/comparison -> clean_clients=10 poisoned_clients=10
[2026-09-30T06:28:56.118155+05:30] [DEBUG] GET /api/run-state -> running=False phase=failed clean_exit=1 poisoned_exit=None
[2026-09-30T06:28:56.118155+05:30] [DEBUG] GET /api/metrics -> clients=0 global=0 statuses=0 phase=n/a
[2026-09-30T06:28:56.119664+05:30] [DEBUG] GET /api/comparison -> clean_clients=10 poisoned_clients=10
[2026-09-30T06:29:01.131471+05:30] [DEBUG] GET /api/run-state -> running=False phase=failed clean_exit=1 poisoned_exit=None
[2026-09-30T06:29:01.131471+05:30] [DEBUG] GET /api/metrics -> clients=0 global=0 statuses=0 phase=n/a
[2026-09-30T06:29:01.132982+05:30] [DEBUG] GET /api/comparison -> clean_clients=10 poisoned_clients=10
[2026-09-30T06:29:07.116762+05:30] [DEBUG] GET /api/run-state -> running=False phase=failed clean_exit=1 poisoned_exit=None
[2026-09-30T06:29:07.118274+05:30] [DEBUG] GET /api/metrics -> clients=0 global=0 statuses=0 phase=n/a
[2026-09-30T06:29:07.118274+05:30] [DEBUG] GET /api/comparison -> clean_clients=10 poisoned_clients=10
[2026-09-30T06:29:12.124383+05:30] [DEBUG] GET /api/run-state -> running=False phase=failed clean_exit=1 poisoned_exit=None
[2026-09-30T06:29:12.124383+05:30] [DEBUG] GET /api/metrics -> clients=0 global=0 statuses=0 phase=n/a
[2026-09-30T06:29:12.125389+05:30] [DEBUG] GET /api/comparison -> clean_clients=10 poisoned_clients=10
[2026-09-30T06:29:17.121327+05:30] [DEBUG] GET /api/run-state -> running=False phase=failed clean_exit=1 poisoned_exit=None
[2026-09-30T06:29:17.121327+05:30] [DEBUG] GET /api/metrics -> clients=0 global=0 statuses=0 phase=n/a
[2026-09-30T06:29:17.122841+05:30] [DEBUG] GET /api/comparison -> clean_clients=10 poisoned_clients=10
[2026-09-30T06:29:22.132462+05:30] [DEBUG] GET /api/metrics -> clients=0 global=0 statuses=0 phase=n/a
[2026-09-30T06:29:22.132462+05:30] [DEBUG] GET /api/run-state -> running=False phase=failed clean_exit=1 poisoned_exit=None
[2026-09-30T06:29:22.133975+05:30] [DEBUG] GET /api/comparison -> clean_clients=10 poisoned_clients=10
[2026-09-30T06:29:28.121087+05:30] [DEBUG] GET /api/run-state -> running=False phase=failed clean_exit=1 poisoned_exit=None
[2026-09-30T06:29:28.121087+05:30] [DEBUG] GET /api/metrics -> clients=0 global=0 statuses=0 phase=n/a
[2026-09-30T06:29:28.122599+05:30] [DEBUG] GET /api/comparison -> clean_clients=10 poisoned_clients=10
[2026-09-30T06:29:33.128342+05:30] [DEBUG] GET /api/run-state -> running=False phase=failed clean_exit=1 poisoned_exit=None
[2026-09-30T06:29:33.128342+05:30] [DEBUG] GET /api/metrics -> clients=0 global=0 statuses=0 phase=n/a
[2026-09-30T06:29:33.129864+05:30] [DEBUG] GET /api/comparison -> clean_clients=10 poisoned_clients=10
[2026-09-30T06:29:38.118278+05:30] [DEBUG] GET /api/run-state -> running=False phase=failed clean_exit=1 poisoned_exit=None
[2026-09-30T06:29:38.118278+05:30] [DEBUG] GET /api/metrics -> clients=0 global=0 statuses=0 phase=n/a
[2026-09-30T06:29:38.119790+05:30] [DEBUG] GET /api/comparison -> clean_clients=10 poisoned_clients=10
[2026-09-30T06:29:43.133474+05:30] [DEBUG] GET /api/run-state -> running=False phase=failed clean_exit=1 poisoned_exit=None
[2026-09-30T06:29:43.133474+05:30] [DEBUG] GET /api/metrics -> clients=0 global=0 statuses=0 phase=n/a
[2026-09-30T06:29:43.134994+05:30] [DEBUG] GET /api/comparison -> clean_clients=10 poisoned_clients=10
[2026-09-30T06:29:49.120129+05:30] [DEBUG] GET /api/run-state -> running=False phase=failed clean_exit=1 poisoned_exit=None
[2026-09-30T06:29:49.121659+05:30] [DEBUG] GET /api/metrics -> clients=0 global=0 statuses=0 phase=n/a
[2026-09-30T06:29:49.121659+05:30] [DEBUG] GET /api/comparison -> clean_clients=10 poisoned_clients=10
[2026-09-30T06:29:54.123977+05:30] [DEBUG] GET /api/run-state -> running=False phase=failed clean_exit=1 poisoned_exit=None
[2026-09-30T06:29:54.123977+05:30] [DEBUG] GET /api/metrics -> clients=0 global=0 statuses=0 phase=n/a
[2026-09-30T06:29:54.123977+05:30] [DEBUG] GET /api/comparison -> clean_clients=10 poisoned_clients=10
[2026-09-30T06:29:59.125478+05:30] [DEBUG] GET /api/run-state -> running=False phase=failed clean_exit=1 poisoned_exit=None
[2026-09-30T06:29:59.125478+05:30] [DEBUG] GET /api/metrics -> clients=0 global=0 statuses=0 phase=n/a
[2026-09-30T06:29:59.126990+05:30] [DEBUG] GET /api/comparison -> clean_clients=10 poisoned_clients=10
[2026-09-30T06:30:04.123137+05:30] [DEBUG] GET /api/run-state -> running=False phase=failed clean_exit=1 poisoned_exit=None
[2026-09-30T06:30:04.124650+05:30] [DEBUG] GET /api/metrics -> clients=0 global=0 statuses=0 phase=n/a
[2026-09-30T06:30:04.126164+05:30] [DEBUG] GET /api/comparison -> clean_clients=10 poisoned_clients=10
[2026-09-30T06:30:09.130496+05:30] [DEBUG] GET /api/run-state -> running=False phase=failed clean_exit=1 poisoned_exit=None
[2026-09-30T06:30:09.130496+05:30] [DEBUG] GET /api/metrics -> clients=0 global=0 statuses=0 phase=n/a
[2026-09-30T06:30:09.132006+05:30] [DEBUG] GET /api/comparison -> clean_clients=10 poisoned_clients=10
[2026-09-30T06:30:13.428761+05:30] [DEBUG] Reset transient live metrics (client fragments, status files, live CSVs, phase file).
[2026-09-30T06:30:13.430316+05:30] [INFO] Cleared transient live metrics at startup (--reset).
[2026-09-30T06:30:13.430316+05:30] [INFO] Starting dashboard server on http://127.0.0.1:8000/federation-process.html
[2026-09-30T06:30:14.250713+05:30] [DEBUG] GET /api/metrics -> clients=0 global=0 statuses=0 phase=n/a
[2026-09-30T06:30:14.257223+05:30] [DEBUG] GET /api/comparison -> clean_clients=10 poisoned_clients=10
[2026-09-30T06:30:14.267305+05:30] [DEBUG] GET /api/run-state -> running=False phase=idle clean_exit=None poisoned_exit=None
[2026-09-30T06:30:19.591838+05:30] [DEBUG] GET /api/run-state -> running=False phase=idle clean_exit=None poisoned_exit=None
[2026-09-30T06:30:19.591838+05:30] [DEBUG] GET /api/metrics -> clients=0 global=0 statuses=0 phase=n/a
[2026-09-30T06:30:19.593346+05:30] [DEBUG] GET /api/comparison -> clean_clients=10 poisoned_clients=10
[2026-09-30T06:30:24.585797+05:30] [DEBUG] GET /api/run-state -> running=False phase=idle clean_exit=None poisoned_exit=None
[2026-09-30T06:30:24.587481+05:30] [DEBUG] GET /api/metrics -> clients=0 global=0 statuses=0 phase=n/a
[2026-09-30T06:30:24.588900+05:30] [DEBUG] GET /api/comparison -> clean_clients=10 poisoned_clients=10
[2026-09-30T06:30:29.593332+05:30] [DEBUG] GET /api/run-state -> running=False phase=idle clean_exit=None poisoned_exit=None
[2026-09-30T06:30:29.594842+05:30] [DEBUG] GET /api/metrics -> clients=0 global=0 statuses=0 phase=n/a
[2026-09-30T06:30:29.594842+05:30] [DEBUG] GET /api/comparison -> clean_clients=10 poisoned_clients=10
[2026-09-30T06:30:34.584879+05:30] [DEBUG] GET /api/comparison -> clean_clients=10 poisoned_clients=10
[2026-09-30T06:30:35.581145+05:30] [DEBUG] GET /api/run-state -> running=False phase=idle clean_exit=None poisoned_exit=None
[2026-09-30T06:30:35.582655+05:30] [DEBUG] GET /api/metrics -> clients=0 global=0 statuses=0 phase=n/a
[2026-09-30T06:30:39.585129+05:30] [DEBUG] GET /api/comparison -> clean_clients=10 poisoned_clients=10
[2026-09-30T06:30:40.582818+05:30] [DEBUG] GET /api/run-state -> running=False phase=idle clean_exit=None poisoned_exit=None
[2026-09-30T06:30:40.582818+05:30] [DEBUG] GET /api/metrics -> clients=0 global=0 statuses=0 phase=n/a
[2026-09-30T06:30:44.583983+05:30] [DEBUG] GET /api/comparison -> clean_clients=10 poisoned_clients=10
[2026-09-30T06:35:04.734000+05:30] [DEBUG] Reset transient live metrics (client fragments, status files, live CSVs, phase file).
[2026-09-30T06:35:04.734000+05:30] [INFO] Cleared transient live metrics at startup (--reset).
[2026-09-30T06:35:04.735512+05:30] [INFO] Starting dashboard server on http://127.0.0.1:8000/federation-process.html
[2026-09-30T06:35:05.875215+05:30] [DEBUG] GET /api/metrics -> clients=0 global=0 statuses=0 phase=n/a
[2026-09-30T06:35:05.886371+05:30] [DEBUG] GET /api/comparison -> clean_clients=10 poisoned_clients=10
[2026-09-30T06:35:05.892428+05:30] [DEBUG] GET /api/run-state -> running=False phase=idle clean_exit=None poisoned_exit=None
[2026-09-30T06:35:10.871241+05:30] [DEBUG] GET /api/metrics -> clients=0 global=0 statuses=0 phase=n/a
[2026-09-30T06:35:11.873932+05:30] [DEBUG] GET /api/run-state -> running=False phase=idle clean_exit=None poisoned_exit=None
[2026-09-30T06:35:11.875445+05:30] [DEBUG] GET /api/comparison -> clean_clients=10 poisoned_clients=10
[2026-09-30T06:35:12.962383+05:30] [DEBUG] POST /api/start-comparison payload={'num_server_rounds': 10, 'poison_mode': 'gaussian_noise', 'poison_client_ids': '1,2,3', 'poison_rate_default': 0, 'poison_rate_map': '1:0.4000,2:0.6000,3:0.4000', 'poison_label_flip_offset': 1, 'poison_noise_std': 0.15}
[2026-09-30T06:35:12.962908+05:30] [DEBUG] POST /api/start-comparison result started=True
[2026-09-30T06:35:12.962908+05:30] [DEBUG] Loaded environment overrides from E:\FedSecureLab\.env (25 keys)
[2026-09-30T06:35:12.963423+05:30] [DEBUG] Comparison effective config: rounds=10 poison_mode=gaussian_noise poison_client_ids=1,2,3 poison_rate_default=0 poison_rate_map=1:0.4000,2:0.6000,3:0.4000 label_flip_offset=1 noise_std=0.15
[2026-09-30T06:35:12.963950+05:30] [INFO] Comparison requested. Clean data will be saved before poisoned training begins.
[2026-09-30T06:35:12.964463+05:30] [DEBUG] Reset transient live metrics (client fragments, status files, live CSVs, phase file).
[2026-09-30T06:35:12.964991+05:30] [INFO] Starting clean experiment (10 rounds).
[2026-09-30T06:35:12.966036+05:30] [INFO] Using isolated Flower runtime: dashboard-clean-20260930-063512-964991
[2026-09-30T06:35:12.966553+05:30] [DEBUG] Prepared runtime env for clean: FLWR_HOME=E:\FedSecureLab\.flwr-runs\dashboard-clean-20260930-063512-964991 TMP=E:\FedSecureLab\.runtime-tmp SuperLink HTTP=65134 control=65135
[2026-09-30T06:35:12.967078+05:30] [DEBUG] Launching clean command: E:\FedSecureLab\.venv\Scripts\python.exe -m flwr.cli.app run E:\FedSecureLab --stream --federation-config num-supernodes=5 client-resources-num-cpus=1 client-resources-num-gpus=0 --run-config num-server-rounds=10 local-epochs=1 batch-size=32 learning-rate=0.001 seed=42 poison-mode="none" poison-label-flip-offset=1 poison-noise-std=0.15 poison-rate-default=0 poison-rate-map=""
[2026-09-30T06:35:15.867191+05:30] [DEBUG] GET /api/metrics -> clients=0 global=0 statuses=0 phase=n/a
[2026-09-30T06:35:16.876348+05:30] [DEBUG] GET /api/run-state -> running=True phase=clean clean_exit=None poisoned_exit=None
[2026-09-30T06:35:16.877939+05:30] [DEBUG] GET /api/comparison -> clean_clients=10 poisoned_clients=10
[2026-09-30T06:35:20.876830+05:30] [DEBUG] GET /api/metrics -> clients=0 global=0 statuses=0 phase=n/a
[2026-09-30T06:35:21.877853+05:30] [DEBUG] GET /api/run-state -> running=True phase=clean clean_exit=None poisoned_exit=None
[2026-09-30T06:35:21.879439+05:30] [DEBUG] GET /api/comparison -> clean_clients=10 poisoned_clients=10
[2026-09-30T06:35:25.873728+05:30] [DEBUG] GET /api/metrics -> clients=0 global=0 statuses=0 phase=n/a
[2026-09-30T06:35:26.878668+05:30] [DEBUG] GET /api/run-state -> running=True phase=clean clean_exit=None poisoned_exit=None
[2026-09-30T06:35:26.880266+05:30] [DEBUG] GET /api/comparison -> clean_clients=10 poisoned_clients=10
[2026-09-30T06:35:30.876632+05:30] [DEBUG] GET /api/metrics -> clients=0 global=0 statuses=0 phase=n/a
[2026-09-30T06:35:31.864901+05:30] [DEBUG] GET /api/comparison -> clean_clients=10 poisoned_clients=10
[2026-09-30T06:35:32.875572+05:30] [DEBUG] GET /api/run-state -> running=True phase=clean clean_exit=None poisoned_exit=None
[2026-09-30T06:35:35.878187+05:30] [DEBUG] GET /api/metrics -> clients=0 global=0 statuses=0 phase=n/a
[2026-09-30T06:35:36.876797+05:30] [DEBUG] GET /api/comparison -> clean_clients=10 poisoned_clients=10
[2026-09-30T06:35:38.867921+05:30] [DEBUG] GET /api/run-state -> running=True phase=clean clean_exit=None poisoned_exit=None
[2026-09-30T06:35:40.864912+05:30] [DEBUG] GET /api/metrics -> clients=0 global=0 statuses=0 phase=n/a
[2026-09-30T06:35:42.260622+05:30] [DEBUG] GET /api/comparison -> clean_clients=10 poisoned_clients=10
[2026-09-30T06:35:44.254960+05:30] [DEBUG] GET /api/run-state -> running=True phase=clean clean_exit=None poisoned_exit=None
[2026-09-30T06:35:46.241520+05:30] [DEBUG] GET /api/metrics -> clients=0 global=0 statuses=0 phase=n/a
[2026-09-30T06:35:47.868380+05:30] [DEBUG] GET /api/comparison -> clean_clients=10 poisoned_clients=10
[2026-09-30T06:35:50.249870+05:30] [DEBUG] GET /api/run-state -> running=True phase=clean clean_exit=None poisoned_exit=None
[2026-09-30T06:35:51.249503+05:30] [DEBUG] GET /api/metrics -> clients=0 global=0 statuses=0 phase=n/a
[2026-09-30T06:35:53.253104+05:30] [DEBUG] GET /api/comparison -> clean_clients=10 poisoned_clients=10
[2026-09-30T06:35:55.254486+05:30] [DEBUG] GET /api/run-state -> running=True phase=clean clean_exit=None poisoned_exit=None
[2026-09-30T06:35:56.243497+05:30] [DEBUG] GET /api/metrics -> clients=0 global=0 statuses=0 phase=n/a
[2026-09-30T06:35:58.251137+05:30] [DEBUG] GET /api/comparison -> clean_clients=10 poisoned_clients=10
[2026-09-30T06:36:00.250635+05:30] [DEBUG] GET /api/run-state -> running=True phase=clean clean_exit=None poisoned_exit=None
[2026-09-30T06:36:01.253890+05:30] [DEBUG] GET /api/metrics -> clients=0 global=0 statuses=0 phase=n/a
[2026-09-30T06:36:03.251186+05:30] [DEBUG] GET /api/comparison -> clean_clients=10 poisoned_clients=10
[2026-09-30T06:36:05.873543+05:30] [DEBUG] GET /api/run-state -> running=True phase=clean clean_exit=None poisoned_exit=None
[2026-09-30T06:36:06.865938+05:30] [DEBUG] GET /api/metrics -> clients=0 global=0 statuses=0 phase=n/a
[2026-09-30T06:36:08.878330+05:30] [DEBUG] GET /api/comparison -> clean_clients=10 poisoned_clients=10
[2026-09-30T06:36:10.873039+05:30] [DEBUG] GET /api/run-state -> running=True phase=clean clean_exit=None poisoned_exit=None
[2026-09-30T06:36:11.875865+05:30] [DEBUG] GET /api/metrics -> clients=0 global=0 statuses=0 phase=n/a
[2026-09-30T06:36:13.879271+05:30] [DEBUG] GET /api/comparison -> clean_clients=10 poisoned_clients=10
[2026-09-30T06:36:15.873891+05:30] [DEBUG] GET /api/run-state -> running=True phase=clean clean_exit=None poisoned_exit=None
[2026-09-30T06:36:16.865873+05:30] [DEBUG] GET /api/metrics -> clients=0 global=0 statuses=0 phase=n/a
[2026-09-30T06:36:18.867887+05:30] [DEBUG] GET /api/comparison -> clean_clients=10 poisoned_clients=10
[2026-09-30T06:36:20.866415+05:30] [DEBUG] GET /api/run-state -> running=True phase=clean clean_exit=None poisoned_exit=None
[2026-09-30T06:36:21.873928+05:30] [DEBUG] GET /api/metrics -> clients=0 global=0 statuses=0 phase=n/a
[2026-09-30T06:36:23.873234+05:30] [DEBUG] GET /api/comparison -> clean_clients=10 poisoned_clients=10
[2026-09-30T06:36:25.866618+05:30] [DEBUG] GET /api/run-state -> running=True phase=clean clean_exit=None poisoned_exit=None
[2026-09-30T06:36:26.872271+05:30] [DEBUG] GET /api/metrics -> clients=0 global=0 statuses=0 phase=n/a
[2026-09-30T06:36:28.869268+05:30] [DEBUG] GET /api/comparison -> clean_clients=10 poisoned_clients=10
[2026-09-30T06:36:30.869758+05:30] [DEBUG] GET /api/run-state -> running=True phase=clean clean_exit=None poisoned_exit=None
[2026-09-30T06:36:31.873314+05:30] [DEBUG] GET /api/metrics -> clients=0 global=0 statuses=0 phase=n/a
[2026-09-30T06:36:33.874971+05:30] [DEBUG] GET /api/comparison -> clean_clients=10 poisoned_clients=10
[2026-09-30T06:36:35.865856+05:30] [DEBUG] GET /api/run-state -> running=True phase=clean clean_exit=None poisoned_exit=None
[2026-09-30T06:36:36.874153+05:30] [DEBUG] GET /api/metrics -> clients=0 global=0 statuses=0 phase=n/a
[2026-09-30T06:36:38.875854+05:30] [DEBUG] GET /api/comparison -> clean_clients=10 poisoned_clients=10
[2026-09-30T06:36:40.876347+05:30] [DEBUG] GET /api/run-state -> running=True phase=clean clean_exit=None poisoned_exit=None
[2026-09-30T06:36:41.866980+05:30] [DEBUG] GET /api/metrics -> clients=0 global=0 statuses=0 phase=n/a
[2026-09-30T06:36:43.874406+05:30] [DEBUG] GET /api/comparison -> clean_clients=10 poisoned_clients=10
[2026-09-30T06:36:45.878651+05:30] [DEBUG] GET /api/run-state -> running=True phase=clean clean_exit=None poisoned_exit=None
[2026-09-30T06:36:46.871159+05:30] [DEBUG] GET /api/metrics -> clients=0 global=0 statuses=0 phase=n/a
[2026-09-30T06:36:48.871663+05:30] [DEBUG] GET /api/comparison -> clean_clients=10 poisoned_clients=10
[2026-09-30T06:36:50.869306+05:30] [DEBUG] GET /api/run-state -> running=True phase=clean clean_exit=None poisoned_exit=None
[2026-09-30T06:36:51.871095+05:30] [DEBUG] GET /api/metrics -> clients=0 global=0 statuses=0 phase=n/a
[2026-09-30T06:36:53.866151+05:30] [DEBUG] GET /api/comparison -> clean_clients=10 poisoned_clients=10
[2026-09-30T06:36:57.254255+05:30] [DEBUG] GET /api/metrics -> clients=0 global=0 statuses=0 phase=n/a
[2026-09-30T06:36:57.263318+05:30] [DEBUG] GET /api/run-state -> running=True phase=clean clean_exit=None poisoned_exit=None
[2026-09-30T06:36:59.247157+05:30] [DEBUG] GET /api/comparison -> clean_clients=10 poisoned_clients=10
[2026-09-30T06:37:02.870339+05:30] [DEBUG] GET /api/run-state -> running=True phase=clean clean_exit=None poisoned_exit=None
[2026-09-30T06:37:02.870339+05:30] [DEBUG] GET /api/metrics -> clients=0 global=0 statuses=0 phase=n/a
[2026-09-30T06:37:04.256854+05:30] [DEBUG] GET /api/comparison -> clean_clients=10 poisoned_clients=10
[2026-09-30T06:37:08.267028+05:30] [DEBUG] GET /api/metrics -> clients=0 global=0 statuses=0 phase=n/a
[2026-09-30T06:37:08.271620+05:30] [DEBUG] GET /api/run-state -> running=True phase=clean clean_exit=None poisoned_exit=None
[2026-09-30T06:37:10.247606+05:30] [DEBUG] GET /api/comparison -> clean_clients=10 poisoned_clients=10
[2026-09-30T06:37:13.866784+05:30] [DEBUG] GET /api/run-state -> running=True phase=clean clean_exit=None poisoned_exit=None
[2026-09-30T06:37:13.868294+05:30] [DEBUG] GET /api/metrics -> clients=0 global=0 statuses=0 phase=n/a
[2026-09-30T06:37:15.875688+05:30] [DEBUG] GET /api/comparison -> clean_clients=10 poisoned_clients=10
[2026-09-30T06:37:18.866339+05:30] [DEBUG] GET /api/run-state -> running=True phase=clean clean_exit=None poisoned_exit=None
[2026-09-30T06:37:18.867874+05:30] [DEBUG] GET /api/metrics -> clients=0 global=0 statuses=0 phase=n/a
[2026-09-30T06:37:21.247192+05:30] [DEBUG] GET /api/comparison -> clean_clients=10 poisoned_clients=10
[2026-09-30T06:37:24.258704+05:30] [DEBUG] GET /api/metrics -> clients=0 global=0 statuses=0 phase=n/a
[2026-09-30T06:37:24.282314+05:30] [DEBUG] GET /api/run-state -> running=True phase=clean clean_exit=None poisoned_exit=None
[2026-09-30T06:37:26.298912+05:30] [DEBUG] GET /api/comparison -> clean_clients=10 poisoned_clients=10
[2026-09-30T06:37:29.262795+05:30] [DEBUG] GET /api/metrics -> clients=0 global=0 statuses=0 phase=n/a
[2026-09-30T06:37:29.274426+05:30] [DEBUG] GET /api/run-state -> running=True phase=clean clean_exit=None poisoned_exit=None
[2026-09-30T06:37:32.252591+05:30] [DEBUG] GET /api/comparison -> clean_clients=10 poisoned_clients=10
[2026-09-30T06:37:35.252374+05:30] [DEBUG] GET /api/metrics -> clients=0 global=0 statuses=0 phase=n/a
[2026-09-30T06:37:35.262229+05:30] [DEBUG] GET /api/run-state -> running=True phase=clean clean_exit=None poisoned_exit=None
[2026-09-30T06:37:37.249130+05:30] [DEBUG] GET /api/comparison -> clean_clients=10 poisoned_clients=10
[2026-09-30T06:37:40.255844+05:30] [DEBUG] GET /api/run-state -> running=True phase=clean clean_exit=None poisoned_exit=None
[2026-09-30T06:37:40.255844+05:30] [DEBUG] GET /api/metrics -> clients=0 global=0 statuses=0 phase=n/a
[2026-09-30T06:37:42.277537+05:30] [DEBUG] GET /api/comparison -> clean_clients=10 poisoned_clients=10
[2026-09-30T06:37:45.375926+05:30] [DEBUG] GET /api/run-state -> running=True phase=clean clean_exit=None poisoned_exit=None
[2026-09-30T06:37:45.377503+05:30] [DEBUG] GET /api/metrics -> clients=0 global=0 statuses=0 phase=n/a
[2026-09-30T06:37:48.257029+05:30] [DEBUG] GET /api/comparison -> clean_clients=10 poisoned_clients=10
[2026-09-30T06:37:51.267014+05:30] [DEBUG] GET /api/run-state -> running=True phase=clean clean_exit=None poisoned_exit=None
[2026-09-30T06:37:51.267014+05:30] [DEBUG] GET /api/metrics -> clients=0 global=0 statuses=0 phase=n/a
[2026-09-30T06:37:54.257229+05:30] [DEBUG] GET /api/comparison -> clean_clients=10 poisoned_clients=10
[2026-09-30T06:37:57.251053+05:30] [DEBUG] GET /api/run-state -> running=True phase=clean clean_exit=None poisoned_exit=None
[2026-09-30T06:37:57.251053+05:30] [DEBUG] GET /api/metrics -> clients=0 global=0 statuses=0 phase=n/a
[2026-09-30T06:37:59.257214+05:30] [DEBUG] GET /api/comparison -> clean_clients=10 poisoned_clients=10
[2026-09-30T06:38:02.248120+05:30] [DEBUG] GET /api/run-state -> running=True phase=clean clean_exit=None poisoned_exit=None
[2026-09-30T06:38:02.248120+05:30] [DEBUG] GET /api/metrics -> clients=0 global=0 statuses=0 phase=n/a
[2026-09-30T06:38:05.248403+05:30] [DEBUG] GET /api/comparison -> clean_clients=10 poisoned_clients=10
[2026-09-30T06:38:07.251703+05:30] [DEBUG] GET /api/run-state -> running=True phase=clean clean_exit=None poisoned_exit=None
[2026-09-30T06:38:07.253268+05:30] [DEBUG] GET /api/metrics -> clients=0 global=0 statuses=0 phase=n/a
[2026-09-30T06:38:10.250176+05:30] [DEBUG] GET /api/comparison -> clean_clients=10 poisoned_clients=10
[2026-09-30T06:38:12.248014+05:30] [DEBUG] GET /api/run-state -> running=True phase=clean clean_exit=None poisoned_exit=None
[2026-09-30T06:38:12.248014+05:30] [DEBUG] GET /api/metrics -> clients=0 global=0 statuses=0 phase=n/a
[2026-09-30T06:38:15.250139+05:30] [DEBUG] GET /api/comparison -> clean_clients=10 poisoned_clients=10
[2026-09-30T06:38:17.251758+05:30] [DEBUG] GET /api/run-state -> running=True phase=clean clean_exit=None poisoned_exit=None
[2026-09-30T06:38:17.251758+05:30] [DEBUG] GET /api/metrics -> clients=0 global=0 statuses=0 phase=n/a
[2026-09-30T06:38:23.478349+05:30] [DEBUG] GET /api/metrics -> clients=0 global=0 statuses=0 phase=n/a
[2026-09-30T06:38:23.485460+05:30] [DEBUG] GET /api/comparison -> clean_clients=10 poisoned_clients=10
[2026-09-30T06:38:23.486779+05:30] [DEBUG] GET /api/run-state -> running=True phase=clean clean_exit=None poisoned_exit=None
[2026-09-30T06:38:28.871433+05:30] [DEBUG] GET /api/run-state -> running=True phase=clean clean_exit=None poisoned_exit=None
[2026-09-30T06:38:28.871948+05:30] [DEBUG] GET /api/metrics -> clients=0 global=0 statuses=0 phase=n/a
[2026-09-30T06:38:28.872462+05:30] [DEBUG] GET /api/comparison -> clean_clients=10 poisoned_clients=10
[2026-09-30T06:38:33.867767+05:30] [DEBUG] GET /api/run-state -> running=True phase=clean clean_exit=None poisoned_exit=None
[2026-09-30T06:38:33.867767+05:30] [DEBUG] GET /api/metrics -> clients=0 global=0 statuses=0 phase=n/a
[2026-09-30T06:38:33.869279+05:30] [DEBUG] GET /api/comparison -> clean_clients=10 poisoned_clients=10
[2026-09-30T06:38:38.874111+05:30] [DEBUG] GET /api/run-state -> running=True phase=clean clean_exit=None poisoned_exit=None
[2026-09-30T06:38:38.874111+05:30] [DEBUG] GET /api/metrics -> clients=0 global=0 statuses=0 phase=n/a
[2026-09-30T06:38:38.875652+05:30] [DEBUG] GET /api/comparison -> clean_clients=10 poisoned_clients=10
[2026-09-30T06:38:44.870710+05:30] [DEBUG] GET /api/run-state -> running=True phase=clean clean_exit=None poisoned_exit=None
[2026-09-30T06:38:44.870710+05:30] [DEBUG] GET /api/metrics -> clients=0 global=0 statuses=0 phase=n/a
[2026-09-30T06:38:44.872225+05:30] [DEBUG] GET /api/comparison -> clean_clients=10 poisoned_clients=10
[2026-09-30T06:38:49.876833+05:30] [DEBUG] GET /api/run-state -> running=True phase=clean clean_exit=None poisoned_exit=None
[2026-09-30T06:38:49.878343+05:30] [DEBUG] GET /api/metrics -> clients=0 global=0 statuses=0 phase=n/a
[2026-09-30T06:38:49.879860+05:30] [DEBUG] GET /api/comparison -> clean_clients=10 poisoned_clients=10
[2026-09-30T06:38:54.865037+05:30] [DEBUG] GET /api/run-state -> running=True phase=clean clean_exit=None poisoned_exit=None
[2026-09-30T06:38:54.865037+05:30] [DEBUG] GET /api/metrics -> clients=0 global=0 statuses=0 phase=n/a
[2026-09-30T06:38:54.866552+05:30] [DEBUG] GET /api/comparison -> clean_clients=10 poisoned_clients=10
[2026-09-30T06:38:59.867362+05:30] [DEBUG] GET /api/run-state -> running=True phase=clean clean_exit=None poisoned_exit=None
[2026-09-30T06:38:59.867362+05:30] [DEBUG] GET /api/metrics -> clients=0 global=0 statuses=0 phase=n/a
[2026-09-30T06:38:59.868875+05:30] [DEBUG] GET /api/comparison -> clean_clients=10 poisoned_clients=10
[2026-09-30T06:39:04.875924+05:30] [DEBUG] GET /api/run-state -> running=True phase=clean clean_exit=None poisoned_exit=None
[2026-09-30T06:39:04.877437+05:30] [DEBUG] GET /api/metrics -> clients=0 global=0 statuses=0 phase=n/a
[2026-09-30T06:39:04.878952+05:30] [DEBUG] GET /api/comparison -> clean_clients=10 poisoned_clients=10
[2026-09-30T06:39:09.869719+05:30] [DEBUG] GET /api/run-state -> running=True phase=clean clean_exit=None poisoned_exit=None
[2026-09-30T06:39:09.869719+05:30] [DEBUG] GET /api/metrics -> clients=0 global=0 statuses=0 phase=n/a
[2026-09-30T06:39:09.871231+05:30] [DEBUG] GET /api/comparison -> clean_clients=10 poisoned_clients=10
[2026-09-30T06:39:14.868094+05:30] [DEBUG] GET /api/run-state -> running=True phase=clean clean_exit=None poisoned_exit=None
[2026-09-30T06:39:14.869605+05:30] [DEBUG] GET /api/metrics -> clients=0 global=0 statuses=0 phase=n/a
[2026-09-30T06:39:14.869605+05:30] [DEBUG] GET /api/comparison -> clean_clients=10 poisoned_clients=10
[2026-09-30T06:39:19.868747+05:30] [DEBUG] GET /api/run-state -> running=True phase=clean clean_exit=None poisoned_exit=None
[2026-09-30T06:39:19.868747+05:30] [DEBUG] GET /api/metrics -> clients=0 global=0 statuses=0 phase=n/a
[2026-09-30T06:39:19.870263+05:30] [DEBUG] GET /api/comparison -> clean_clients=10 poisoned_clients=10
[2026-09-30T06:39:24.866170+05:30] [DEBUG] GET /api/run-state -> running=True phase=clean clean_exit=None poisoned_exit=None
[2026-09-30T06:39:24.866170+05:30] [DEBUG] GET /api/metrics -> clients=0 global=0 statuses=0 phase=n/a
[2026-09-30T06:39:24.867682+05:30] [DEBUG] GET /api/comparison -> clean_clients=10 poisoned_clients=10
[2026-09-30T06:39:29.865477+05:30] [DEBUG] GET /api/run-state -> running=True phase=clean clean_exit=None poisoned_exit=None
[2026-09-30T06:39:29.865477+05:30] [DEBUG] GET /api/metrics -> clients=0 global=0 statuses=0 phase=n/a
[2026-09-30T06:39:29.866989+05:30] [DEBUG] GET /api/comparison -> clean_clients=10 poisoned_clients=10
[2026-09-30T06:39:34.867857+05:30] [DEBUG] GET /api/run-state -> running=True phase=clean clean_exit=None poisoned_exit=None
[2026-09-30T06:39:34.867857+05:30] [DEBUG] GET /api/metrics -> clients=0 global=0 statuses=0 phase=n/a
[2026-09-30T06:39:34.869370+05:30] [DEBUG] GET /api/comparison -> clean_clients=10 poisoned_clients=10
[2026-09-30T06:39:39.868871+05:30] [DEBUG] GET /api/run-state -> running=True phase=clean clean_exit=None poisoned_exit=None
[2026-09-30T06:39:39.868871+05:30] [DEBUG] GET /api/metrics -> clients=0 global=0 statuses=0 phase=n/a
[2026-09-30T06:39:39.870381+05:30] [DEBUG] GET /api/comparison -> clean_clients=10 poisoned_clients=10
[2026-09-30T06:39:44.876056+05:30] [DEBUG] GET /api/run-state -> running=True phase=clean clean_exit=None poisoned_exit=None
[2026-09-30T06:39:44.876056+05:30] [DEBUG] GET /api/metrics -> clients=0 global=0 statuses=0 phase=n/a
[2026-09-30T06:39:44.877570+05:30] [DEBUG] GET /api/comparison -> clean_clients=10 poisoned_clients=10
[2026-09-30T06:39:49.870590+05:30] [DEBUG] GET /api/run-state -> running=True phase=clean clean_exit=None poisoned_exit=None
[2026-09-30T06:39:49.870590+05:30] [DEBUG] GET /api/metrics -> clients=0 global=0 statuses=0 phase=n/a
[2026-09-30T06:39:49.871726+05:30] [DEBUG] GET /api/comparison -> clean_clients=10 poisoned_clients=10
[2026-09-30T06:39:54.866816+05:30] [DEBUG] GET /api/run-state -> running=True phase=clean clean_exit=None poisoned_exit=None
[2026-09-30T06:39:54.868334+05:30] [DEBUG] GET /api/metrics -> clients=0 global=0 statuses=0 phase=n/a
[2026-09-30T06:39:54.869847+05:30] [DEBUG] GET /api/comparison -> clean_clients=10 poisoned_clients=10
[2026-09-30T06:39:59.903374+05:30] [DEBUG] GET /api/metrics -> clients=0 global=0 statuses=0 phase=n/a
[2026-09-30T06:39:59.906221+05:30] [DEBUG] GET /api/run-state -> running=True phase=clean clean_exit=None poisoned_exit=None
[2026-09-30T06:39:59.907227+05:30] [DEBUG] GET /api/comparison -> clean_clients=10 poisoned_clients=10
[2026-09-30T06:40:05.867055+05:30] [DEBUG] GET /api/run-state -> running=True phase=clean clean_exit=None poisoned_exit=None
[2026-09-30T06:40:05.868567+05:30] [DEBUG] GET /api/metrics -> clients=0 global=0 statuses=0 phase=n/a
[2026-09-30T06:40:05.870079+05:30] [DEBUG] GET /api/comparison -> clean_clients=10 poisoned_clients=10
[2026-09-30T06:40:10.865860+05:30] [DEBUG] GET /api/comparison -> clean_clients=10 poisoned_clients=10
[2026-09-30T06:40:11.874455+05:30] [DEBUG] GET /api/run-state -> running=True phase=clean clean_exit=None poisoned_exit=None
[2026-09-30T06:40:11.875966+05:30] [DEBUG] GET /api/metrics -> clients=0 global=0 statuses=0 phase=n/a
[2026-09-30T06:40:15.870075+05:30] [DEBUG] GET /api/comparison -> clean_clients=10 poisoned_clients=10
[2026-09-30T06:40:17.871475+05:30] [DEBUG] GET /api/run-state -> running=True phase=clean clean_exit=None poisoned_exit=None
[2026-09-30T06:40:17.872986+05:30] [DEBUG] GET /api/metrics -> clients=0 global=0 statuses=0 phase=n/a
[2026-09-30T06:40:20.880528+05:30] [DEBUG] GET /api/comparison -> clean_clients=10 poisoned_clients=10
[2026-09-30T06:40:23.864295+05:30] [DEBUG] GET /api/metrics -> clients=0 global=0 statuses=0 phase=n/a
[2026-09-30T06:40:23.864295+05:30] [DEBUG] GET /api/run-state -> running=True phase=clean clean_exit=None poisoned_exit=None
[2026-09-30T06:40:26.881568+05:30] [DEBUG] GET /api/comparison -> clean_clients=10 poisoned_clients=10
[2026-09-30T06:40:28.866519+05:30] [DEBUG] GET /api/metrics -> clients=0 global=0 statuses=0 phase=n/a
[2026-09-30T06:40:28.866519+05:30] [DEBUG] GET /api/run-state -> running=True phase=clean clean_exit=None poisoned_exit=None
[2026-09-30T06:40:32.868740+05:30] [DEBUG] GET /api/comparison -> clean_clients=10 poisoned_clients=10
[2026-09-30T06:40:33.868855+05:30] [DEBUG] GET /api/metrics -> clients=0 global=0 statuses=0 phase=n/a
[2026-09-30T06:40:33.869399+05:30] [DEBUG] GET /api/run-state -> running=True phase=clean clean_exit=None poisoned_exit=None
[2026-09-30T06:40:37.865984+05:30] [DEBUG] GET /api/comparison -> clean_clients=10 poisoned_clients=10
[2026-09-30T06:40:38.869845+05:30] [DEBUG] GET /api/run-state -> running=True phase=clean clean_exit=None poisoned_exit=None
[2026-09-30T06:40:38.869845+05:30] [DEBUG] GET /api/metrics -> clients=0 global=0 statuses=0 phase=n/a
[2026-09-30T06:40:42.881121+05:30] [DEBUG] GET /api/comparison -> clean_clients=10 poisoned_clients=10
[2026-09-30T06:40:43.874687+05:30] [DEBUG] GET /api/run-state -> running=True phase=clean clean_exit=None poisoned_exit=None
[2026-09-30T06:40:43.874687+05:30] [DEBUG] GET /api/metrics -> clients=0 global=0 statuses=0 phase=n/a
[2026-09-30T06:40:48.873627+05:30] [DEBUG] GET /api/run-state -> running=True phase=clean clean_exit=None poisoned_exit=None
[2026-09-30T06:40:48.875136+05:30] [DEBUG] GET /api/metrics -> clients=0 global=0 statuses=0 phase=n/a
[2026-09-30T06:40:48.876646+05:30] [DEBUG] GET /api/comparison -> clean_clients=10 poisoned_clients=10
[2026-09-30T06:40:53.865770+05:30] [DEBUG] GET /api/run-state -> running=True phase=clean clean_exit=None poisoned_exit=None
[2026-09-30T06:40:53.867281+05:30] [DEBUG] GET /api/metrics -> clients=0 global=0 statuses=0 phase=n/a
[2026-09-30T06:40:53.868794+05:30] [DEBUG] GET /api/comparison -> clean_clients=10 poisoned_clients=10
[2026-09-30T06:40:58.873025+05:30] [DEBUG] GET /api/run-state -> running=True phase=clean clean_exit=None poisoned_exit=None
[2026-09-30T06:40:58.874537+05:30] [DEBUG] GET /api/metrics -> clients=0 global=0 statuses=0 phase=n/a
[2026-09-30T06:40:58.876052+05:30] [DEBUG] GET /api/comparison -> clean_clients=10 poisoned_clients=10
[2026-09-30T06:41:03.875458+05:30] [DEBUG] GET /api/metrics -> clients=0 global=0 statuses=0 phase=n/a
[2026-09-30T06:41:03.875458+05:30] [DEBUG] GET /api/run-state -> running=True phase=clean clean_exit=None poisoned_exit=None
[2026-09-30T06:41:03.878024+05:30] [DEBUG] GET /api/comparison -> clean_clients=10 poisoned_clients=10
[2026-09-30T06:41:08.865939+05:30] [DEBUG] GET /api/comparison -> clean_clients=10 poisoned_clients=10
[2026-09-30T06:41:09.869573+05:30] [DEBUG] GET /api/run-state -> running=True phase=clean clean_exit=None poisoned_exit=None
[2026-09-30T06:41:09.871084+05:30] [DEBUG] GET /api/metrics -> clients=0 global=0 statuses=0 phase=n/a
[2026-09-30T06:41:13.873737+05:30] [DEBUG] GET /api/comparison -> clean_clients=10 poisoned_clients=10
[2026-09-30T06:41:14.868956+05:30] [DEBUG] GET /api/run-state -> running=True phase=clean clean_exit=None poisoned_exit=None
[2026-09-30T06:41:14.868956+05:30] [DEBUG] GET /api/metrics -> clients=0 global=0 statuses=0 phase=n/a
[2026-09-30T06:41:18.868398+05:30] [DEBUG] GET /api/comparison -> clean_clients=10 poisoned_clients=10
[2026-09-30T06:41:19.878991+05:30] [DEBUG] GET /api/run-state -> running=True phase=clean clean_exit=None poisoned_exit=None
[2026-09-30T06:41:19.879488+05:30] [DEBUG] GET /api/metrics -> clients=0 global=0 statuses=0 phase=n/a
[2026-09-30T06:41:23.874824+05:30] [DEBUG] GET /api/comparison -> clean_clients=10 poisoned_clients=10
[2026-09-30T06:41:24.871538+05:30] [DEBUG] GET /api/run-state -> running=True phase=clean clean_exit=None poisoned_exit=None
[2026-09-30T06:41:24.871538+05:30] [DEBUG] GET /api/metrics -> clients=0 global=0 statuses=0 phase=n/a
[2026-09-30T06:41:28.865567+05:30] [DEBUG] GET /api/comparison -> clean_clients=10 poisoned_clients=10
[2026-09-30T06:41:29.879196+05:30] [DEBUG] GET /api/run-state -> running=True phase=clean clean_exit=None poisoned_exit=None
[2026-09-30T06:41:29.879196+05:30] [DEBUG] GET /api/metrics -> clients=0 global=0 statuses=0 phase=n/a
[2026-09-30T06:41:33.870175+05:30] [DEBUG] GET /api/comparison -> clean_clients=10 poisoned_clients=10
[2026-09-30T06:41:34.865639+05:30] [DEBUG] GET /api/run-state -> running=True phase=clean clean_exit=None poisoned_exit=None
[2026-09-30T06:41:34.865639+05:30] [DEBUG] GET /api/metrics -> clients=0 global=0 statuses=0 phase=n/a
[2026-09-30T06:41:38.871005+05:30] [DEBUG] GET /api/comparison -> clean_clients=10 poisoned_clients=10
[2026-09-30T06:41:39.874359+05:30] [DEBUG] GET /api/run-state -> running=True phase=clean clean_exit=None poisoned_exit=None
[2026-09-30T06:41:39.874359+05:30] [DEBUG] GET /api/metrics -> clients=0 global=0 statuses=0 phase=n/a
[2026-09-30T06:41:43.879832+05:30] [DEBUG] GET /api/comparison -> clean_clients=10 poisoned_clients=10
[2026-09-30T06:41:44.866472+05:30] [DEBUG] GET /api/run-state -> running=True phase=clean clean_exit=None poisoned_exit=None
[2026-09-30T06:41:44.866472+05:30] [DEBUG] GET /api/metrics -> clients=0 global=0 statuses=0 phase=n/a
[2026-09-30T06:41:48.866063+05:30] [DEBUG] GET /api/comparison -> clean_clients=10 poisoned_clients=10
[2026-09-30T06:41:49.869621+05:30] [DEBUG] GET /api/run-state -> running=True phase=clean clean_exit=None poisoned_exit=None
[2026-09-30T06:41:49.871131+05:30] [DEBUG] GET /api/metrics -> clients=0 global=0 statuses=0 phase=n/a
[2026-09-30T06:41:53.871823+05:30] [DEBUG] GET /api/comparison -> clean_clients=10 poisoned_clients=10
[2026-09-30T06:41:54.866302+05:30] [DEBUG] GET /api/metrics -> clients=0 global=0 statuses=0 phase=n/a
[2026-09-30T06:41:55.879543+05:30] [DEBUG] GET /api/run-state -> running=True phase=clean clean_exit=None poisoned_exit=None
[2026-09-30T06:41:58.880887+05:30] [DEBUG] GET /api/comparison -> clean_clients=10 poisoned_clients=10
[2026-09-30T06:41:59.873669+05:30] [DEBUG] GET /api/metrics -> clients=0 global=0 statuses=0 phase=n/a
[2026-09-30T06:42:00.873048+05:30] [DEBUG] GET /api/run-state -> running=True phase=clean clean_exit=None poisoned_exit=None
[2026-09-30T06:42:04.868155+05:30] [DEBUG] GET /api/metrics -> clients=0 global=0 statuses=0 phase=n/a
[2026-09-30T06:42:04.868155+05:30] [DEBUG] GET /api/comparison -> clean_clients=10 poisoned_clients=10
[2026-09-30T06:42:05.875750+05:30] [DEBUG] GET /api/run-state -> running=True phase=clean clean_exit=None poisoned_exit=None
[2026-09-30T06:42:09.866237+05:30] [DEBUG] GET /api/metrics -> clients=0 global=0 statuses=0 phase=n/a
[2026-09-30T06:42:09.867749+05:30] [DEBUG] GET /api/comparison -> clean_clients=10 poisoned_clients=10
[2026-09-30T06:42:10.871127+05:30] [DEBUG] GET /api/run-state -> running=True phase=clean clean_exit=None poisoned_exit=None
[2026-09-30T06:42:14.870707+05:30] [DEBUG] GET /api/metrics -> clients=0 global=0 statuses=0 phase=n/a
[2026-09-30T06:42:14.872221+05:30] [DEBUG] GET /api/comparison -> clean_clients=10 poisoned_clients=10
[2026-09-30T06:42:15.866593+05:30] [DEBUG] GET /api/run-state -> running=True phase=clean clean_exit=None poisoned_exit=None
[2026-09-30T06:42:19.868789+05:30] [DEBUG] GET /api/metrics -> clients=0 global=0 statuses=0 phase=n/a
[2026-09-30T06:42:19.870301+05:30] [DEBUG] GET /api/comparison -> clean_clients=10 poisoned_clients=10
[2026-09-30T06:42:20.869901+05:30] [DEBUG] GET /api/run-state -> running=True phase=clean clean_exit=None poisoned_exit=None
[2026-09-30T06:42:24.872782+05:30] [DEBUG] GET /api/metrics -> clients=0 global=0 statuses=0 phase=n/a
[2026-09-30T06:42:24.874291+05:30] [DEBUG] GET /api/comparison -> clean_clients=10 poisoned_clients=10
[2026-09-30T06:42:26.865975+05:30] [DEBUG] GET /api/run-state -> running=True phase=clean clean_exit=None poisoned_exit=None
[2026-09-30T06:42:29.876531+05:30] [DEBUG] GET /api/metrics -> clients=0 global=0 statuses=0 phase=n/a
[2026-09-30T06:42:29.878045+05:30] [DEBUG] GET /api/comparison -> clean_clients=10 poisoned_clients=10
[2026-09-30T06:42:31.865216+05:30] [DEBUG] GET /api/run-state -> running=True phase=clean clean_exit=None poisoned_exit=None
[2026-09-30T06:42:34.869933+05:30] [DEBUG] GET /api/metrics -> clients=0 global=0 statuses=0 phase=n/a
[2026-09-30T06:42:34.871447+05:30] [DEBUG] GET /api/comparison -> clean_clients=10 poisoned_clients=10
[2026-09-30T06:42:36.871069+05:30] [DEBUG] GET /api/run-state -> running=True phase=clean clean_exit=None poisoned_exit=None
[2026-09-30T06:42:39.866274+05:30] [DEBUG] GET /api/metrics -> clients=0 global=0 statuses=0 phase=n/a
[2026-09-30T06:42:39.867791+05:30] [DEBUG] GET /api/comparison -> clean_clients=10 poisoned_clients=10
[2026-09-30T06:42:41.868478+05:30] [DEBUG] GET /api/run-state -> running=True phase=clean clean_exit=None poisoned_exit=None
[2026-09-30T06:42:44.867310+05:30] [DEBUG] GET /api/metrics -> clients=0 global=0 statuses=0 phase=n/a
[2026-09-30T06:42:44.868818+05:30] [DEBUG] GET /api/comparison -> clean_clients=10 poisoned_clients=10
[2026-09-30T06:42:47.877870+05:30] [DEBUG] GET /api/run-state -> running=True phase=clean clean_exit=None poisoned_exit=None
[2026-09-30T06:42:49.868887+05:30] [DEBUG] GET /api/metrics -> clients=0 global=0 statuses=0 phase=n/a
[2026-09-30T06:42:49.869566+05:30] [DEBUG] GET /api/comparison -> clean_clients=10 poisoned_clients=10
[2026-09-30T06:42:52.866761+05:30] [DEBUG] GET /api/run-state -> running=True phase=clean clean_exit=None poisoned_exit=None
[2026-09-30T06:42:54.874421+05:30] [DEBUG] GET /api/metrics -> clients=0 global=0 statuses=0 phase=n/a
[2026-09-30T06:42:54.875934+05:30] [DEBUG] GET /api/comparison -> clean_clients=10 poisoned_clients=10
[2026-09-30T06:42:57.865803+05:30] [DEBUG] GET /api/run-state -> running=True phase=clean clean_exit=None poisoned_exit=None
[2026-09-30T06:42:59.866848+05:30] [DEBUG] GET /api/metrics -> clients=0 global=0 statuses=0 phase=n/a
[2026-09-30T06:42:59.868362+05:30] [DEBUG] GET /api/comparison -> clean_clients=10 poisoned_clients=10
[2026-09-30T06:43:02.876858+05:30] [DEBUG] GET /api/run-state -> running=True phase=clean clean_exit=None poisoned_exit=None
[2026-09-30T06:43:04.874456+05:30] [DEBUG] GET /api/metrics -> clients=0 global=0 statuses=0 phase=n/a
[2026-09-30T06:43:04.875968+05:30] [DEBUG] GET /api/comparison -> clean_clients=10 poisoned_clients=10
[2026-09-30T06:43:07.870606+05:30] [DEBUG] GET /api/run-state -> running=True phase=clean clean_exit=None poisoned_exit=None
[2026-09-30T06:43:09.870288+05:30] [DEBUG] GET /api/metrics -> clients=0 global=0 statuses=0 phase=n/a
[2026-09-30T06:43:09.872028+05:30] [DEBUG] GET /api/comparison -> clean_clients=10 poisoned_clients=10
[2026-09-30T06:43:12.866165+05:30] [DEBUG] GET /api/run-state -> running=True phase=clean clean_exit=None poisoned_exit=None
[2026-09-30T06:43:14.867079+05:30] [DEBUG] GET /api/metrics -> clients=0 global=0 statuses=0 phase=n/a
[2026-09-30T06:43:14.868591+05:30] [DEBUG] GET /api/comparison -> clean_clients=10 poisoned_clients=10
[2026-09-30T06:43:17.867027+05:30] [DEBUG] GET /api/run-state -> running=True phase=clean clean_exit=None poisoned_exit=None
[2026-09-30T06:43:19.865567+05:30] [DEBUG] GET /api/comparison -> clean_clients=10 poisoned_clients=10
[2026-09-30T06:43:20.865730+05:30] [DEBUG] GET /api/metrics -> clients=0 global=0 statuses=0 phase=n/a
[2026-09-30T06:43:23.877788+05:30] [DEBUG] GET /api/run-state -> running=True phase=clean clean_exit=None poisoned_exit=None
[2026-09-30T06:43:24.869617+05:30] [DEBUG] GET /api/comparison -> clean_clients=10 poisoned_clients=10
[2026-09-30T06:43:25.876754+05:30] [DEBUG] GET /api/metrics -> clients=0 global=0 statuses=0 phase=n/a
[2026-09-30T06:43:28.889723+05:30] [DEBUG] GET /api/run-state -> running=True phase=clean clean_exit=None poisoned_exit=None
[2026-09-30T06:43:29.876447+05:30] [DEBUG] GET /api/comparison -> clean_clients=10 poisoned_clients=10
[2026-09-30T06:43:30.866660+05:30] [DEBUG] GET /api/metrics -> clients=0 global=0 statuses=0 phase=n/a
[2026-09-30T06:43:34.868068+05:30] [DEBUG] GET /api/run-state -> running=True phase=clean clean_exit=None poisoned_exit=None
[2026-09-30T06:43:34.869717+05:30] [DEBUG] GET /api/comparison -> clean_clients=10 poisoned_clients=10
[2026-09-30T06:43:35.875572+05:30] [DEBUG] GET /api/metrics -> clients=0 global=0 statuses=0 phase=n/a
[2026-09-30T06:43:39.868570+05:30] [DEBUG] GET /api/run-state -> running=True phase=clean clean_exit=None poisoned_exit=None
[2026-09-30T06:43:39.870081+05:30] [DEBUG] GET /api/comparison -> clean_clients=10 poisoned_clients=10
[2026-09-30T06:43:40.868310+05:30] [DEBUG] GET /api/metrics -> clients=0 global=0 statuses=0 phase=n/a
[2026-09-30T06:43:44.868195+05:30] [DEBUG] GET /api/run-state -> running=True phase=clean clean_exit=None poisoned_exit=None
[2026-09-30T06:43:44.871218+05:30] [DEBUG] GET /api/comparison -> clean_clients=10 poisoned_clients=10
[2026-09-30T06:43:45.871626+05:30] [DEBUG] GET /api/metrics -> clients=0 global=0 statuses=0 phase=n/a
[2026-09-30T06:43:49.867457+05:30] [DEBUG] GET /api/run-state -> running=True phase=clean clean_exit=None poisoned_exit=None
[2026-09-30T06:43:49.869256+05:30] [DEBUG] GET /api/comparison -> clean_clients=10 poisoned_clients=10
[2026-09-30T06:43:50.868985+05:30] [DEBUG] GET /api/metrics -> clients=0 global=0 statuses=0 phase=n/a
[2026-09-30T06:43:54.875886+05:30] [DEBUG] GET /api/run-state -> running=True phase=clean clean_exit=None poisoned_exit=None
[2026-09-30T06:43:54.877396+05:30] [DEBUG] GET /api/comparison -> clean_clients=10 poisoned_clients=10
[2026-09-30T06:43:55.870428+05:30] [DEBUG] GET /api/metrics -> clients=0 global=0 statuses=0 phase=n/a
[2026-09-30T06:43:59.866211+05:30] [DEBUG] GET /api/run-state -> running=True phase=clean clean_exit=None poisoned_exit=None
[2026-09-30T06:43:59.867728+05:30] [DEBUG] GET /api/comparison -> clean_clients=10 poisoned_clients=10
[2026-09-30T06:44:00.871078+05:30] [DEBUG] GET /api/metrics -> clients=0 global=0 statuses=0 phase=n/a
[2026-09-30T06:44:04.864883+05:30] [DEBUG] GET /api/run-state -> running=True phase=clean clean_exit=None poisoned_exit=None
[2026-09-30T06:44:04.867909+05:30] [DEBUG] GET /api/comparison -> clean_clients=10 poisoned_clients=10
[2026-09-30T06:44:05.876376+05:30] [DEBUG] GET /api/metrics -> clients=0 global=0 statuses=0 phase=n/a
[2026-09-30T06:44:09.866087+05:30] [DEBUG] GET /api/comparison -> clean_clients=10 poisoned_clients=10
[2026-09-30T06:44:10.874804+05:30] [DEBUG] GET /api/metrics -> clients=0 global=0 statuses=0 phase=n/a
[2026-09-30T06:44:10.876318+05:30] [DEBUG] GET /api/run-state -> running=True phase=clean clean_exit=None poisoned_exit=None
[2026-09-30T06:44:14.879292+05:30] [DEBUG] GET /api/comparison -> clean_clients=10 poisoned_clients=10
[2026-09-30T06:44:15.872943+05:30] [DEBUG] GET /api/run-state -> running=True phase=clean clean_exit=None poisoned_exit=None
[2026-09-30T06:44:15.872943+05:30] [DEBUG] GET /api/metrics -> clients=0 global=0 statuses=0 phase=n/a
[2026-09-30T06:44:19.871557+05:30] [DEBUG] GET /api/comparison -> clean_clients=10 poisoned_clients=10
[2026-09-30T06:44:20.868594+05:30] [DEBUG] GET /api/run-state -> running=True phase=clean clean_exit=None poisoned_exit=None
[2026-09-30T06:44:20.868594+05:30] [DEBUG] GET /api/metrics -> clients=0 global=0 statuses=0 phase=n/a
[2026-09-30T06:44:24.868787+05:30] [DEBUG] GET /api/comparison -> clean_clients=10 poisoned_clients=10
[2026-09-30T06:44:25.874175+05:30] [DEBUG] GET /api/run-state -> running=True phase=clean clean_exit=None poisoned_exit=None
[2026-09-30T06:44:25.875685+05:30] [DEBUG] GET /api/metrics -> clients=0 global=0 statuses=0 phase=n/a
[2026-09-30T06:44:29.870730+05:30] [DEBUG] GET /api/comparison -> clean_clients=10 poisoned_clients=10
[2026-09-30T06:44:30.872648+05:30] [DEBUG] GET /api/run-state -> running=True phase=clean clean_exit=None poisoned_exit=None
[2026-09-30T06:44:30.872648+05:30] [DEBUG] GET /api/metrics -> clients=0 global=0 statuses=0 phase=n/a
[2026-09-30T06:44:34.875536+05:30] [DEBUG] GET /api/comparison -> clean_clients=10 poisoned_clients=10
[2026-09-30T06:44:35.873207+05:30] [DEBUG] GET /api/metrics -> clients=0 global=0 statuses=0 phase=n/a
[2026-09-30T06:44:35.874721+05:30] [DEBUG] GET /api/run-state -> running=True phase=clean clean_exit=None poisoned_exit=None
[2026-09-30T06:44:39.874792+05:30] [DEBUG] GET /api/comparison -> clean_clients=10 poisoned_clients=10
[2026-09-30T06:44:40.867456+05:30] [DEBUG] GET /api/run-state -> running=True phase=clean clean_exit=None poisoned_exit=None
[2026-09-30T06:44:40.867456+05:30] [DEBUG] GET /api/metrics -> clients=0 global=0 statuses=0 phase=n/a
[2026-09-30T06:44:44.867965+05:30] [DEBUG] GET /api/comparison -> clean_clients=10 poisoned_clients=10
[2026-09-30T06:44:45.871941+05:30] [DEBUG] GET /api/run-state -> running=True phase=clean clean_exit=None poisoned_exit=None
[2026-09-30T06:44:45.871941+05:30] [DEBUG] GET /api/metrics -> clients=0 global=0 statuses=0 phase=n/a
[2026-09-30T06:44:49.869400+05:30] [DEBUG] GET /api/comparison -> clean_clients=10 poisoned_clients=10
[2026-09-30T06:44:50.867051+05:30] [DEBUG] GET /api/run-state -> running=True phase=clean clean_exit=None poisoned_exit=None
[2026-09-30T06:44:50.867051+05:30] [DEBUG] GET /api/metrics -> clients=0 global=0 statuses=0 phase=n/a
[2026-09-30T06:44:54.869439+05:30] [DEBUG] GET /api/comparison -> clean_clients=10 poisoned_clients=10
[2026-09-30T06:44:55.877598+05:30] [DEBUG] GET /api/metrics -> clients=0 global=0 statuses=0 phase=n/a
[2026-09-30T06:44:55.878605+05:30] [DEBUG] GET /api/run-state -> running=True phase=clean clean_exit=None poisoned_exit=None
[2026-09-30T06:44:59.888690+05:30] [DEBUG] GET /api/comparison -> clean_clients=10 poisoned_clients=10
[2026-09-30T06:45:00.879547+05:30] [DEBUG] GET /api/run-state -> running=True phase=clean clean_exit=None poisoned_exit=None
[2026-09-30T06:45:00.879547+05:30] [DEBUG] GET /api/metrics -> clients=0 global=0 statuses=0 phase=broadcast
[2026-09-30T06:45:05.868380+05:30] [DEBUG] GET /api/run-state -> running=True phase=clean clean_exit=None poisoned_exit=None
[2026-09-30T06:45:05.870523+05:30] [DEBUG] GET /api/comparison -> clean_clients=10 poisoned_clients=10
[2026-09-30T06:45:05.873720+05:30] [DEBUG] GET /api/metrics -> clients=0 global=0 statuses=0 phase=evaluate
[2026-09-30T06:45:10.874171+05:30] [DEBUG] GET /api/run-state -> running=True phase=clean clean_exit=None poisoned_exit=None
[2026-09-30T06:45:10.875688+05:30] [DEBUG] GET /api/comparison -> clean_clients=10 poisoned_clients=10
[2026-09-30T06:45:10.875688+05:30] [DEBUG] GET /api/metrics -> clients=0 global=1 statuses=0 phase=evaluate
[2026-09-30T06:45:15.873094+05:30] [DEBUG] GET /api/run-state -> running=True phase=clean clean_exit=None poisoned_exit=None
[2026-09-30T06:45:15.875116+05:30] [DEBUG] GET /api/metrics -> clients=0 global=1 statuses=0 phase=evaluate
[2026-09-30T06:45:15.876675+05:30] [DEBUG] GET /api/comparison -> clean_clients=10 poisoned_clients=10
[2026-09-30T06:45:20.880140+05:30] [DEBUG] GET /api/metrics -> clients=0 global=1 statuses=0 phase=evaluate
[2026-09-30T06:45:20.894794+05:30] [DEBUG] GET /api/comparison -> clean_clients=10 poisoned_clients=10
[2026-09-30T06:45:20.902385+05:30] [DEBUG] GET /api/run-state -> running=True phase=clean clean_exit=None poisoned_exit=None
[2026-09-30T06:45:25.875266+05:30] [DEBUG] GET /api/metrics -> clients=0 global=1 statuses=0 phase=evaluate
[2026-09-30T06:45:26.877219+05:30] [DEBUG] GET /api/run-state -> running=True phase=clean clean_exit=None poisoned_exit=None
[2026-09-30T06:45:26.994616+05:30] [DEBUG] GET /api/comparison -> clean_clients=10 poisoned_clients=10
[2026-09-30T06:45:30.868680+05:30] [DEBUG] GET /api/metrics -> clients=0 global=1 statuses=0 phase=evaluate
[2026-09-30T06:45:31.884902+05:30] [DEBUG] GET /api/run-state -> running=True phase=clean clean_exit=None poisoned_exit=None
[2026-09-30T06:45:32.874659+05:30] [DEBUG] GET /api/comparison -> clean_clients=10 poisoned_clients=10
[2026-09-30T06:45:35.867258+05:30] [DEBUG] GET /api/metrics -> clients=0 global=1 statuses=0 phase=evaluate
[2026-09-30T06:45:37.931424+05:30] [DEBUG] GET /api/run-state -> running=True phase=clean clean_exit=None poisoned_exit=None
[2026-09-30T06:45:37.934449+05:30] [DEBUG] GET /api/comparison -> clean_clients=10 poisoned_clients=10
[2026-09-30T06:45:40.880764+05:30] [DEBUG] GET /api/metrics -> clients=0 global=1 statuses=0 phase=evaluate
[2026-09-30T06:45:43.867397+05:30] [DEBUG] GET /api/run-state -> running=True phase=clean clean_exit=None poisoned_exit=None
[2026-09-30T06:45:43.870429+05:30] [DEBUG] GET /api/comparison -> clean_clients=10 poisoned_clients=10
[2026-09-30T06:45:46.878967+05:30] [DEBUG] GET /api/metrics -> clients=0 global=1 statuses=0 phase=evaluate
[2026-09-30T06:45:48.873379+05:30] [DEBUG] GET /api/run-state -> running=True phase=clean clean_exit=None poisoned_exit=None
[2026-09-30T06:45:48.874893+05:30] [DEBUG] GET /api/comparison -> clean_clients=10 poisoned_clients=10
[2026-09-30T06:45:51.866549+05:30] [DEBUG] GET /api/metrics -> clients=0 global=1 statuses=0 phase=evaluate
[2026-09-30T06:45:53.889095+05:30] [DEBUG] GET /api/comparison -> clean_clients=10 poisoned_clients=10
[2026-09-30T06:45:53.892971+05:30] [DEBUG] GET /api/run-state -> running=True phase=clean clean_exit=None poisoned_exit=None
[2026-09-30T06:45:56.871185+05:30] [DEBUG] GET /api/metrics -> clients=0 global=1 statuses=0 phase=evaluate
[2026-09-30T06:45:58.906616+05:30] [DEBUG] GET /api/run-state -> running=True phase=clean clean_exit=None poisoned_exit=None
[2026-09-30T06:45:58.908131+05:30] [DEBUG] GET /api/comparison -> clean_clients=10 poisoned_clients=10
[2026-09-30T06:46:01.885761+05:30] [DEBUG] GET /api/metrics -> clients=0 global=1 statuses=0 phase=evaluate
[2026-09-30T06:46:04.874277+05:30] [DEBUG] GET /api/run-state -> running=True phase=clean clean_exit=None poisoned_exit=None
[2026-09-30T06:46:04.875788+05:30] [DEBUG] GET /api/comparison -> clean_clients=10 poisoned_clients=10
[2026-09-30T06:46:07.868799+05:30] [DEBUG] GET /api/metrics -> clients=0 global=1 statuses=0 phase=evaluate
[2026-09-30T06:46:09.872984+05:30] [DEBUG] GET /api/run-state -> running=True phase=clean clean_exit=None poisoned_exit=None
[2026-09-30T06:46:09.876007+05:30] [DEBUG] GET /api/comparison -> clean_clients=10 poisoned_clients=10
[2026-09-30T06:46:12.872772+05:30] [DEBUG] GET /api/metrics -> clients=0 global=1 statuses=0 phase=evaluate
[2026-09-30T06:46:14.872121+05:30] [DEBUG] GET /api/run-state -> running=True phase=clean clean_exit=None poisoned_exit=None
[2026-09-30T06:46:14.874483+05:30] [DEBUG] GET /api/comparison -> clean_clients=10 poisoned_clients=10
[2026-09-30T06:46:17.874250+05:30] [DEBUG] GET /api/metrics -> clients=0 global=1 statuses=0 phase=evaluate
[2026-09-30T06:46:19.866652+05:30] [DEBUG] GET /api/run-state -> running=True phase=clean clean_exit=None poisoned_exit=None
[2026-09-30T06:46:19.869677+05:30] [DEBUG] GET /api/comparison -> clean_clients=10 poisoned_clients=10
[2026-09-30T06:46:23.036511+05:30] [DEBUG] GET /api/metrics -> clients=0 global=1 statuses=0 phase=evaluate
[2026-09-30T06:46:24.879219+05:30] [DEBUG] GET /api/run-state -> running=True phase=clean clean_exit=None poisoned_exit=None
[2026-09-30T06:46:24.880730+05:30] [DEBUG] GET /api/comparison -> clean_clients=10 poisoned_clients=10
[2026-09-30T06:46:28.866306+05:30] [DEBUG] GET /api/metrics -> clients=0 global=1 statuses=0 phase=evaluate
[2026-09-30T06:46:29.871887+05:30] [DEBUG] GET /api/run-state -> running=True phase=clean clean_exit=None poisoned_exit=None
[2026-09-30T06:46:30.876140+05:30] [DEBUG] GET /api/comparison -> clean_clients=10 poisoned_clients=10
[2026-09-30T06:46:33.876176+05:30] [DEBUG] GET /api/metrics -> clients=0 global=1 statuses=0 phase=evaluate
[2026-09-30T06:46:34.871138+05:30] [DEBUG] GET /api/run-state -> running=True phase=clean clean_exit=None poisoned_exit=None
[2026-09-30T06:46:35.870809+05:30] [DEBUG] GET /api/comparison -> clean_clients=10 poisoned_clients=10
[2026-09-30T06:46:38.871535+05:30] [DEBUG] GET /api/metrics -> clients=0 global=1 statuses=0 phase=evaluate
[2026-09-30T06:46:39.865927+05:30] [DEBUG] GET /api/run-state -> running=True phase=clean clean_exit=None poisoned_exit=None
[2026-09-30T06:46:40.874326+05:30] [DEBUG] GET /api/comparison -> clean_clients=10 poisoned_clients=10
[2026-09-30T06:46:43.875423+05:30] [DEBUG] GET /api/metrics -> clients=0 global=1 statuses=0 phase=evaluate
[2026-09-30T06:46:44.869801+05:30] [DEBUG] GET /api/run-state -> running=True phase=clean clean_exit=None poisoned_exit=None
[2026-09-30T06:46:45.879819+05:30] [DEBUG] GET /api/comparison -> clean_clients=10 poisoned_clients=10
[2026-09-30T06:46:48.880354+05:30] [DEBUG] GET /api/metrics -> clients=0 global=1 statuses=5 phase=train
[2026-09-30T06:46:49.871392+05:30] [DEBUG] GET /api/run-state -> running=True phase=clean clean_exit=None poisoned_exit=None
[2026-09-30T06:46:50.870942+05:30] [DEBUG] GET /api/comparison -> clean_clients=10 poisoned_clients=10
[2026-09-30T06:46:53.875644+05:30] [DEBUG] GET /api/metrics -> clients=0 global=1 statuses=5 phase=train
[2026-09-30T06:46:54.874002+05:30] [DEBUG] GET /api/run-state -> running=True phase=clean clean_exit=None poisoned_exit=None
[2026-09-30T06:46:55.876087+05:30] [DEBUG] GET /api/comparison -> clean_clients=10 poisoned_clients=10
[2026-09-30T06:46:58.874497+05:30] [DEBUG] GET /api/metrics -> clients=0 global=1 statuses=5 phase=train
[2026-09-30T06:46:59.865492+05:30] [DEBUG] GET /api/run-state -> running=True phase=clean clean_exit=None poisoned_exit=None
[2026-09-30T06:47:00.886438+05:30] [DEBUG] GET /api/comparison -> clean_clients=10 poisoned_clients=10
[2026-09-30T06:47:03.888911+05:30] [DEBUG] GET /api/metrics -> clients=0 global=1 statuses=5 phase=train
[2026-09-30T06:47:04.888067+05:30] [DEBUG] GET /api/run-state -> running=True phase=clean clean_exit=None poisoned_exit=None
[2026-09-30T06:47:05.999257+05:30] [DEBUG] GET /api/comparison -> clean_clients=10 poisoned_clients=10
[2026-09-30T06:47:09.870305+05:30] [DEBUG] GET /api/metrics -> clients=5 global=1 statuses=5 phase=aggregate
[2026-09-30T06:47:10.915439+05:30] [DEBUG] GET /api/run-state -> running=True phase=clean clean_exit=None poisoned_exit=None
[2026-09-30T06:47:11.891005+05:30] [DEBUG] GET /api/comparison -> clean_clients=10 poisoned_clients=10
[2026-09-30T06:47:14.874769+05:30] [DEBUG] GET /api/metrics -> clients=5 global=2 statuses=5 phase=train
[2026-09-30T06:47:16.872246+05:30] [DEBUG] GET /api/run-state -> running=True phase=clean clean_exit=None poisoned_exit=None
[2026-09-30T06:47:17.870066+05:30] [DEBUG] GET /api/comparison -> clean_clients=10 poisoned_clients=10
[2026-09-30T06:47:19.898010+05:30] [DEBUG] GET /api/metrics -> clients=5 global=2 statuses=5 phase=train
[2026-09-30T06:47:21.931293+05:30] [DEBUG] GET /api/run-state -> running=True phase=clean clean_exit=None poisoned_exit=None
[2026-09-30T06:47:22.886396+05:30] [DEBUG] GET /api/comparison -> clean_clients=10 poisoned_clients=10
[2026-09-30T06:47:25.909814+05:30] [DEBUG] GET /api/metrics -> clients=10 global=2 statuses=5 phase=aggregate
[2026-09-30T06:47:27.868175+05:30] [DEBUG] GET /api/run-state -> running=True phase=clean clean_exit=None poisoned_exit=None
[2026-09-30T06:47:28.878645+05:30] [DEBUG] GET /api/comparison -> clean_clients=10 poisoned_clients=10
[2026-09-30T06:47:31.904773+05:30] [DEBUG] GET /api/metrics -> clients=10 global=3 statuses=5 phase=train
[2026-09-30T06:47:32.868413+05:30] [DEBUG] GET /api/run-state -> running=True phase=clean clean_exit=None poisoned_exit=None
[2026-09-30T06:47:33.875488+05:30] [DEBUG] GET /api/comparison -> clean_clients=10 poisoned_clients=10
[2026-09-30T06:47:37.873750+05:30] [DEBUG] GET /api/run-state -> running=True phase=clean clean_exit=None poisoned_exit=None
[2026-09-30T06:47:37.881119+05:30] [DEBUG] GET /api/metrics -> clients=10 global=3 statuses=5 phase=train
[2026-09-30T06:47:38.881776+05:30] [DEBUG] GET /api/comparison -> clean_clients=10 poisoned_clients=10
[2026-09-30T06:47:42.866581+05:30] [DEBUG] GET /api/run-state -> running=True phase=clean clean_exit=None poisoned_exit=None
[2026-09-30T06:47:42.906090+05:30] [DEBUG] GET /api/metrics -> clients=15 global=3 statuses=5 phase=aggregate
[2026-09-30T06:47:44.881143+05:30] [DEBUG] GET /api/comparison -> clean_clients=10 poisoned_clients=10
[2026-09-30T06:47:47.865288+05:30] [DEBUG] GET /api/run-state -> running=True phase=clean clean_exit=None poisoned_exit=None
[2026-09-30T06:47:48.912465+05:30] [DEBUG] GET /api/metrics -> clients=15 global=4 statuses=5 phase=train
[2026-09-30T06:47:50.873282+05:30] [DEBUG] GET /api/comparison -> clean_clients=10 poisoned_clients=10
[2026-09-30T06:47:52.868727+05:30] [DEBUG] GET /api/run-state -> running=True phase=clean clean_exit=None poisoned_exit=None
[2026-09-30T06:47:53.940799+05:30] [DEBUG] GET /api/metrics -> clients=15 global=4 statuses=5 phase=train
[2026-09-30T06:47:56.013211+05:30] [DEBUG] GET /api/comparison -> clean_clients=10 poisoned_clients=10
[2026-09-30T06:47:57.882255+05:30] [DEBUG] GET /api/run-state -> running=True phase=clean clean_exit=None poisoned_exit=None
[2026-09-30T06:47:59.037746+05:30] [DEBUG] GET /api/metrics -> clients=20 global=4 statuses=5 phase=aggregate
[2026-09-30T06:48:01.876710+05:30] [DEBUG] GET /api/comparison -> clean_clients=10 poisoned_clients=10
[2026-09-30T06:48:03.875264+05:30] [DEBUG] GET /api/run-state -> running=True phase=clean clean_exit=None poisoned_exit=None
[2026-09-30T06:48:04.903730+05:30] [DEBUG] GET /api/metrics -> clients=20 global=5 statuses=5 phase=train
[2026-09-30T06:48:06.869882+05:30] [DEBUG] GET /api/comparison -> clean_clients=10 poisoned_clients=10
[2026-09-30T06:48:08.879963+05:30] [DEBUG] GET /api/run-state -> running=True phase=clean clean_exit=None poisoned_exit=None
[2026-09-30T06:48:10.889189+05:30] [DEBUG] GET /api/metrics -> clients=20 global=5 statuses=5 phase=train
[2026-09-30T06:48:11.949818+05:30] [DEBUG] GET /api/comparison -> clean_clients=10 poisoned_clients=10
[2026-09-30T06:48:13.884699+05:30] [DEBUG] GET /api/run-state -> running=True phase=clean clean_exit=None poisoned_exit=None
[2026-09-30T06:48:15.884256+05:30] [DEBUG] GET /api/metrics -> clients=25 global=5 statuses=5 phase=aggregate
[2026-09-30T06:48:17.868202+05:30] [DEBUG] GET /api/comparison -> clean_clients=10 poisoned_clients=10
[2026-09-30T06:48:19.868536+05:30] [DEBUG] GET /api/run-state -> running=True phase=clean clean_exit=None poisoned_exit=None
[2026-09-30T06:48:20.893263+05:30] [DEBUG] GET /api/metrics -> clients=25 global=6 statuses=5 phase=evaluate
[2026-09-30T06:48:22.866884+05:30] [DEBUG] GET /api/comparison -> clean_clients=10 poisoned_clients=10
[2026-09-30T06:48:24.966274+05:30] [DEBUG] GET /api/run-state -> running=True phase=clean clean_exit=None poisoned_exit=None
[2026-09-30T06:48:26.903246+05:30] [DEBUG] GET /api/metrics -> clients=25 global=6 statuses=5 phase=train
[2026-09-30T06:48:27.887376+05:30] [DEBUG] GET /api/comparison -> clean_clients=10 poisoned_clients=10
[2026-09-30T06:48:30.871639+05:30] [DEBUG] GET /api/run-state -> running=True phase=clean clean_exit=None poisoned_exit=None
[2026-09-30T06:48:31.939572+05:30] [DEBUG] GET /api/metrics -> clients=29 global=6 statuses=5 phase=train
[2026-09-30T06:48:33.882250+05:30] [DEBUG] GET /api/comparison -> clean_clients=10 poisoned_clients=10
[2026-09-30T06:48:35.880364+05:30] [DEBUG] GET /api/run-state -> running=True phase=clean clean_exit=None poisoned_exit=None
[2026-09-30T06:48:37.885237+05:30] [DEBUG] GET /api/metrics -> clients=30 global=6 statuses=5 phase=evaluate
[2026-09-30T06:48:39.866817+05:30] [DEBUG] GET /api/comparison -> clean_clients=10 poisoned_clients=10
[2026-09-30T06:48:40.868499+05:30] [DEBUG] GET /api/run-state -> running=True phase=clean clean_exit=None poisoned_exit=None
[2026-09-30T06:48:43.882650+05:30] [DEBUG] GET /api/metrics -> clients=30 global=7 statuses=5 phase=train
[2026-09-30T06:48:44.913360+05:30] [DEBUG] GET /api/comparison -> clean_clients=10 poisoned_clients=10
[2026-09-30T06:48:45.961189+05:30] [DEBUG] GET /api/run-state -> running=True phase=clean clean_exit=None poisoned_exit=None
[2026-09-30T06:48:48.938235+05:30] [DEBUG] GET /api/metrics -> clients=30 global=7 statuses=5 phase=train
[2026-09-30T06:48:50.873568+05:30] [DEBUG] GET /api/comparison -> clean_clients=10 poisoned_clients=10
[2026-09-30T06:48:51.866304+05:30] [DEBUG] GET /api/run-state -> running=True phase=clean clean_exit=None poisoned_exit=None
[2026-09-30T06:48:54.882040+05:30] [DEBUG] GET /api/metrics -> clients=35 global=7 statuses=5 phase=aggregate
[2026-09-30T06:48:55.874354+05:30] [DEBUG] GET /api/comparison -> clean_clients=10 poisoned_clients=10
[2026-09-30T06:48:56.868090+05:30] [DEBUG] GET /api/run-state -> running=True phase=clean clean_exit=None poisoned_exit=None
[2026-09-30T06:49:00.876362+05:30] [DEBUG] GET /api/comparison -> clean_clients=10 poisoned_clients=10
[2026-09-30T06:49:00.882440+05:30] [DEBUG] GET /api/metrics -> clients=35 global=8 statuses=5 phase=train
[2026-09-30T06:49:01.877628+05:30] [DEBUG] GET /api/run-state -> running=True phase=clean clean_exit=None poisoned_exit=None
[2026-09-30T06:49:05.899213+05:30] [DEBUG] GET /api/comparison -> clean_clients=10 poisoned_clients=10
[2026-09-30T06:49:05.913013+05:30] [DEBUG] GET /api/metrics -> clients=35 global=8 statuses=5 phase=train
[2026-09-30T06:49:06.935418+05:30] [DEBUG] GET /api/run-state -> running=True phase=clean clean_exit=None poisoned_exit=None
[2026-09-30T06:49:11.871478+05:30] [DEBUG] GET /api/comparison -> clean_clients=10 poisoned_clients=10
[2026-09-30T06:49:11.879256+05:30] [DEBUG] GET /api/metrics -> clients=40 global=8 statuses=5 phase=aggregate
[2026-09-30T06:49:12.876665+05:30] [DEBUG] GET /api/run-state -> running=True phase=clean clean_exit=None poisoned_exit=None
[2026-09-30T06:49:16.867421+05:30] [DEBUG] GET /api/comparison -> clean_clients=10 poisoned_clients=10
[2026-09-30T06:49:16.871970+05:30] [DEBUG] GET /api/metrics -> clients=40 global=9 statuses=5 phase=train
[2026-09-30T06:49:17.873011+05:30] [DEBUG] GET /api/run-state -> running=True phase=clean clean_exit=None poisoned_exit=None
[2026-09-30T06:49:21.884239+05:30] [DEBUG] GET /api/comparison -> clean_clients=10 poisoned_clients=10
[2026-09-30T06:49:21.931355+05:30] [DEBUG] GET /api/metrics -> clients=40 global=9 statuses=5 phase=train
[2026-09-30T06:49:22.877970+05:30] [DEBUG] GET /api/run-state -> running=True phase=clean clean_exit=None poisoned_exit=None
[2026-09-30T06:49:27.866500+05:30] [DEBUG] GET /api/run-state -> running=True phase=clean clean_exit=None poisoned_exit=None
[2026-09-30T06:49:27.869531+05:30] [DEBUG] GET /api/comparison -> clean_clients=10 poisoned_clients=10
[2026-09-30T06:49:27.874076+05:30] [DEBUG] GET /api/metrics -> clients=45 global=9 statuses=5 phase=aggregate
[2026-09-30T06:49:32.867350+05:30] [DEBUG] GET /api/comparison -> clean_clients=10 poisoned_clients=10
[2026-09-30T06:49:32.871899+05:30] [DEBUG] GET /api/metrics -> clients=45 global=10 statuses=5 phase=train
[2026-09-30T06:49:33.864767+05:30] [DEBUG] GET /api/run-state -> running=True phase=clean clean_exit=None poisoned_exit=None
[2026-09-30T06:49:37.887513+05:30] [DEBUG] GET /api/comparison -> clean_clients=10 poisoned_clients=10
[2026-09-30T06:49:37.913738+05:30] [DEBUG] GET /api/metrics -> clients=45 global=10 statuses=5 phase=train
[2026-09-30T06:49:38.881582+05:30] [DEBUG] GET /api/run-state -> running=True phase=clean clean_exit=None poisoned_exit=None
[2026-09-30T06:49:43.880464+05:30] [DEBUG] GET /api/comparison -> clean_clients=10 poisoned_clients=10
[2026-09-30T06:49:43.886523+05:30] [DEBUG] GET /api/metrics -> clients=50 global=10 statuses=5 phase=aggregate
[2026-09-30T06:49:44.864413+05:30] [DEBUG] GET /api/run-state -> running=True phase=clean clean_exit=None poisoned_exit=None
[2026-09-30T06:49:48.871022+05:30] [DEBUG] GET /api/comparison -> clean_clients=10 poisoned_clients=10
[2026-09-30T06:49:48.881745+05:30] [DEBUG] GET /api/metrics -> clients=50 global=11 statuses=5 phase=evaluate
[2026-09-30T06:49:50.013783+05:30] [DEBUG] GET /api/run-state -> running=True phase=clean clean_exit=None poisoned_exit=None
[2026-09-30T06:49:53.882748+05:30] [DEBUG] GET /api/comparison -> clean_clients=10 poisoned_clients=10
[2026-09-30T06:49:53.896677+05:30] [DEBUG] GET /api/metrics -> clients=50 global=11 statuses=5 phase=evaluate
[2026-09-30T06:49:55.864871+05:30] [DEBUG] GET /api/run-state -> running=True phase=clean clean_exit=None poisoned_exit=None
[2026-09-30T06:49:59.867282+05:30] [DEBUG] GET /api/comparison -> clean_clients=10 poisoned_clients=10
[2026-09-30T06:49:59.872632+05:30] [DEBUG] GET /api/metrics -> clients=50 global=11 statuses=5 phase=evaluate
[2026-09-30T06:50:00.865229+05:30] [DEBUG] GET /api/run-state -> running=True phase=clean clean_exit=None poisoned_exit=None
[2026-09-30T06:50:04.870250+05:30] [DEBUG] GET /api/comparison -> clean_clients=10 poisoned_clients=10
[2026-09-30T06:50:04.876307+05:30] [DEBUG] GET /api/metrics -> clients=50 global=11 statuses=5 phase=evaluate
[2026-09-30T06:50:05.876829+05:30] [DEBUG] GET /api/run-state -> running=True phase=clean clean_exit=None poisoned_exit=None
[2026-09-30T06:50:09.868881+05:30] [DEBUG] GET /api/comparison -> clean_clients=10 poisoned_clients=10
[2026-09-30T06:50:09.875142+05:30] [DEBUG] GET /api/metrics -> clients=50 global=11 statuses=5 phase=evaluate
[2026-09-30T06:50:10.869343+05:30] [DEBUG] GET /api/run-state -> running=True phase=clean clean_exit=None poisoned_exit=None
[2026-09-30T06:50:14.872400+05:30] [DEBUG] GET /api/comparison -> clean_clients=10 poisoned_clients=10
[2026-09-30T06:50:14.878483+05:30] [DEBUG] GET /api/metrics -> clients=50 global=11 statuses=5 phase=evaluate
[2026-09-30T06:50:15.865937+05:30] [DEBUG] GET /api/run-state -> running=True phase=clean clean_exit=None poisoned_exit=None
[2026-09-30T06:50:19.876463+05:30] [DEBUG] GET /api/comparison -> clean_clients=10 poisoned_clients=10
[2026-09-30T06:50:19.884029+05:30] [DEBUG] GET /api/metrics -> clients=50 global=11 statuses=5 phase=evaluate
[2026-09-30T06:50:21.875920+05:30] [DEBUG] GET /api/run-state -> running=True phase=clean clean_exit=None poisoned_exit=None
[2026-09-30T06:50:24.872678+05:30] [DEBUG] GET /api/comparison -> clean_clients=10 poisoned_clients=10
[2026-09-30T06:50:25.871507+05:30] [DEBUG] GET /api/metrics -> clients=50 global=11 statuses=5 phase=evaluate
[2026-09-30T06:50:26.871003+05:30] [DEBUG] GET /api/run-state -> running=True phase=clean clean_exit=None poisoned_exit=None
[2026-09-30T06:50:29.871298+05:30] [DEBUG] GET /api/comparison -> clean_clients=10 poisoned_clients=10
[2026-09-30T06:50:30.873474+05:30] [DEBUG] GET /api/metrics -> clients=50 global=11 statuses=5 phase=evaluate
[2026-09-30T06:50:31.866271+05:30] [DEBUG] GET /api/run-state -> running=True phase=clean clean_exit=None poisoned_exit=None
[2026-09-30T06:50:34.877257+05:30] [DEBUG] GET /api/comparison -> clean_clients=10 poisoned_clients=10
[2026-09-30T06:50:35.877627+05:30] [DEBUG] GET /api/metrics -> clients=50 global=11 statuses=5 phase=evaluate
[2026-09-30T06:50:36.866044+05:30] [DEBUG] GET /api/run-state -> running=True phase=clean clean_exit=None poisoned_exit=None
[2026-09-30T06:50:39.872124+05:30] [DEBUG] GET /api/comparison -> clean_clients=10 poisoned_clients=10
[2026-09-30T06:50:40.870301+05:30] [DEBUG] GET /api/metrics -> clients=50 global=11 statuses=5 phase=evaluate
[2026-09-30T06:50:41.871161+05:30] [DEBUG] GET /api/run-state -> running=True phase=clean clean_exit=None poisoned_exit=None
[2026-09-30T06:50:44.881777+05:30] [DEBUG] GET /api/comparison -> clean_clients=10 poisoned_clients=10
[2026-09-30T06:50:45.874612+05:30] [DEBUG] GET /api/metrics -> clients=50 global=11 statuses=5 phase=evaluate
[2026-09-30T06:50:46.871422+05:30] [DEBUG] GET /api/run-state -> running=True phase=clean clean_exit=None poisoned_exit=None
[2026-09-30T06:50:50.871928+05:30] [DEBUG] GET /api/comparison -> clean_clients=10 poisoned_clients=10
[2026-09-30T06:50:50.876465+05:30] [DEBUG] GET /api/metrics -> clients=50 global=11 statuses=5 phase=evaluate
[2026-09-30T06:50:51.635871+05:30] [DEBUG] Clean command exited rc=0 duration=938.7s
[2026-09-30T06:50:51.669162+05:30] [DEBUG] Snapshot clean: copied metrics files to E:\FedSecureLab\results\comparison\clean and 50 client fragments.
[2026-09-30T06:50:51.669162+05:30] [INFO] Saved clean snapshot with completed metrics; it will remain available during the next run.
[2026-09-30T06:50:51.670675+05:30] [INFO] Clean experiment completed successfully.
[2026-09-30T06:50:51.670675+05:30] [INFO] Clean snapshot is preserved. Switching to poisoned experiment.
[2026-09-30T06:50:51.676731+05:30] [DEBUG] Reset transient live metrics (client fragments, status files, live CSVs, phase file).
[2026-09-30T06:50:51.676731+05:30] [INFO] Starting poisoned experiment (10 rounds).
[2026-09-30T06:50:51.678238+05:30] [INFO] Using isolated Flower runtime: dashboard-poisoned-20260930-065051-676731
[2026-09-30T06:50:51.678238+05:30] [DEBUG] Prepared runtime env for poisoned: FLWR_HOME=E:\FedSecureLab\.flwr-runs\dashboard-poisoned-20260930-065051-676731 TMP=E:\FedSecureLab\.runtime-tmp SuperLink HTTP=57729 control=57730
[2026-09-30T06:50:51.678238+05:30] [DEBUG] Launching poisoned command: E:\FedSecureLab\.venv\Scripts\python.exe -m flwr.cli.app run E:\FedSecureLab --stream --federation-config num-supernodes=5 client-resources-num-cpus=1 client-resources-num-gpus=0 --run-config num-server-rounds=10 local-epochs=1 batch-size=32 learning-rate=0.001 seed=42 poison-mode="gaussian_noise" poison-label-flip-offset=1 poison-noise-std=0.15 poison-rate-default=0 poison-rate-map="1:0.4000,2:0.6000,3:0.4000" poison-client-ids="1,2,3"
[2026-09-30T06:50:51.872160+05:30] [DEBUG] GET /api/run-state -> running=True phase=poisoned clean_exit=0 poisoned_exit=None
[2026-09-30T06:50:55.875005+05:30] [DEBUG] GET /api/metrics -> clients=0 global=0 statuses=0 phase=n/a
[2026-09-30T06:50:55.876521+05:30] [DEBUG] GET /api/comparison -> clean_clients=50 poisoned_clients=10
[2026-09-30T06:50:56.869520+05:30] [DEBUG] GET /api/run-state -> running=True phase=poisoned clean_exit=0 poisoned_exit=None
[2026-09-30T06:51:00.866248+05:30] [DEBUG] GET /api/comparison -> clean_clients=50 poisoned_clients=10
[2026-09-30T06:51:01.865591+05:30] [DEBUG] GET /api/run-state -> running=True phase=poisoned clean_exit=0 poisoned_exit=None
[2026-09-30T06:51:01.865591+05:30] [DEBUG] GET /api/metrics -> clients=0 global=0 statuses=0 phase=n/a
[2026-09-30T06:51:05.866445+05:30] [DEBUG] GET /api/comparison -> clean_clients=50 poisoned_clients=10
[2026-09-30T06:51:06.865695+05:30] [DEBUG] GET /api/run-state -> running=True phase=poisoned clean_exit=0 poisoned_exit=None
[2026-09-30T06:51:06.867209+05:30] [DEBUG] GET /api/metrics -> clients=0 global=0 statuses=0 phase=n/a
[2026-09-30T06:51:10.879558+05:30] [DEBUG] GET /api/comparison -> clean_clients=50 poisoned_clients=10
[2026-09-30T06:51:11.875204+05:30] [DEBUG] GET /api/run-state -> running=True phase=poisoned clean_exit=0 poisoned_exit=None
[2026-09-30T06:51:11.875204+05:30] [DEBUG] GET /api/metrics -> clients=0 global=0 statuses=0 phase=n/a
[2026-09-30T06:51:15.875353+05:30] [DEBUG] GET /api/comparison -> clean_clients=50 poisoned_clients=10
[2026-09-30T06:51:16.865525+05:30] [DEBUG] GET /api/metrics -> clients=0 global=0 statuses=0 phase=n/a
[2026-09-30T06:51:17.865948+05:30] [DEBUG] GET /api/run-state -> running=True phase=poisoned clean_exit=0 poisoned_exit=None
[2026-09-30T06:51:20.867620+05:30] [DEBUG] GET /api/comparison -> clean_clients=50 poisoned_clients=10
[2026-09-30T06:51:21.867636+05:30] [DEBUG] GET /api/metrics -> clients=0 global=0 statuses=0 phase=n/a
[2026-09-30T06:51:23.865838+05:30] [DEBUG] GET /api/run-state -> running=True phase=poisoned clean_exit=0 poisoned_exit=None
[2026-09-30T06:51:25.868325+05:30] [DEBUG] GET /api/comparison -> clean_clients=50 poisoned_clients=10
[2026-09-30T06:51:26.866861+05:30] [DEBUG] GET /api/metrics -> clients=0 global=0 statuses=0 phase=n/a
[2026-09-30T06:51:29.864362+05:30] [DEBUG] GET /api/run-state -> running=True phase=poisoned clean_exit=0 poisoned_exit=None
[2026-09-30T06:51:30.876481+05:30] [DEBUG] GET /api/comparison -> clean_clients=50 poisoned_clients=10
[2026-09-30T06:51:31.867565+05:30] [DEBUG] GET /api/metrics -> clients=0 global=0 statuses=0 phase=n/a
[2026-09-30T06:51:34.871173+05:30] [DEBUG] GET /api/run-state -> running=True phase=poisoned clean_exit=0 poisoned_exit=None
[2026-09-30T06:51:35.880603+05:30] [DEBUG] GET /api/comparison -> clean_clients=50 poisoned_clients=10
[2026-09-30T06:51:36.869902+05:30] [DEBUG] GET /api/metrics -> clients=0 global=0 statuses=0 phase=n/a
[2026-09-30T06:51:39.874263+05:30] [DEBUG] GET /api/run-state -> running=True phase=poisoned clean_exit=0 poisoned_exit=None
[2026-09-30T06:51:41.874620+05:30] [DEBUG] GET /api/metrics -> clients=0 global=0 statuses=0 phase=n/a
[2026-09-30T06:51:41.876135+05:30] [DEBUG] GET /api/comparison -> clean_clients=50 poisoned_clients=10
[2026-09-30T06:51:44.866594+05:30] [DEBUG] GET /api/run-state -> running=True phase=poisoned clean_exit=0 poisoned_exit=None
[2026-09-30T06:51:46.865477+05:30] [DEBUG] GET /api/metrics -> clients=0 global=0 statuses=0 phase=n/a
[2026-09-30T06:51:46.867035+05:30] [DEBUG] GET /api/comparison -> clean_clients=50 poisoned_clients=10
[2026-09-30T06:51:49.866809+05:30] [DEBUG] GET /api/run-state -> running=True phase=poisoned clean_exit=0 poisoned_exit=None
[2026-09-30T06:51:51.865562+05:30] [DEBUG] GET /api/metrics -> clients=0 global=0 statuses=0 phase=n/a
[2026-09-30T06:51:51.867078+05:30] [DEBUG] GET /api/comparison -> clean_clients=50 poisoned_clients=10
[2026-09-30T06:51:54.865845+05:30] [DEBUG] GET /api/run-state -> running=True phase=poisoned clean_exit=0 poisoned_exit=None
[2026-09-30T06:51:56.872108+05:30] [DEBUG] GET /api/metrics -> clients=0 global=0 statuses=0 phase=n/a
[2026-09-30T06:51:56.873656+05:30] [DEBUG] GET /api/comparison -> clean_clients=50 poisoned_clients=10
[2026-09-30T06:51:59.876227+05:30] [DEBUG] GET /api/run-state -> running=True phase=poisoned clean_exit=0 poisoned_exit=None
[2026-09-30T06:52:01.866044+05:30] [DEBUG] GET /api/metrics -> clients=0 global=0 statuses=0 phase=n/a
[2026-09-30T06:52:01.867558+05:30] [DEBUG] GET /api/comparison -> clean_clients=50 poisoned_clients=10
[2026-09-30T06:52:05.870576+05:30] [DEBUG] GET /api/run-state -> running=True phase=poisoned clean_exit=0 poisoned_exit=None
[2026-09-30T06:52:06.865461+05:30] [DEBUG] GET /api/metrics -> clients=0 global=0 statuses=0 phase=n/a
[2026-09-30T06:52:06.866975+05:30] [DEBUG] GET /api/comparison -> clean_clients=50 poisoned_clients=10
[2026-09-30T06:52:10.868010+05:30] [DEBUG] GET /api/run-state -> running=True phase=poisoned clean_exit=0 poisoned_exit=None
[2026-09-30T06:52:11.868394+05:30] [DEBUG] GET /api/comparison -> clean_clients=50 poisoned_clients=10
[2026-09-30T06:52:11.866875+05:30] [DEBUG] GET /api/metrics -> clients=0 global=0 statuses=0 phase=n/a
[2026-09-30T06:52:15.866360+05:30] [DEBUG] GET /api/run-state -> running=True phase=poisoned clean_exit=0 poisoned_exit=None
[2026-09-30T06:52:16.877493+05:30] [DEBUG] GET /api/metrics -> clients=0 global=0 statuses=0 phase=n/a
[2026-09-30T06:52:16.879314+05:30] [DEBUG] GET /api/comparison -> clean_clients=50 poisoned_clients=10
[2026-09-30T06:52:20.873830+05:30] [DEBUG] GET /api/run-state -> running=True phase=poisoned clean_exit=0 poisoned_exit=None
[2026-09-30T06:52:21.872280+05:30] [DEBUG] GET /api/metrics -> clients=0 global=0 statuses=0 phase=n/a
[2026-09-30T06:52:21.873797+05:30] [DEBUG] GET /api/comparison -> clean_clients=50 poisoned_clients=10
[2026-09-30T06:52:25.873817+05:30] [DEBUG] GET /api/run-state -> running=True phase=poisoned clean_exit=0 poisoned_exit=None
[2026-09-30T06:52:26.876530+05:30] [DEBUG] GET /api/metrics -> clients=0 global=0 statuses=0 phase=n/a
[2026-09-30T06:52:26.878044+05:30] [DEBUG] GET /api/comparison -> clean_clients=50 poisoned_clients=10
[2026-09-30T06:52:30.871765+05:30] [DEBUG] GET /api/run-state -> running=True phase=poisoned clean_exit=0 poisoned_exit=None
[2026-09-30T06:52:31.868380+05:30] [DEBUG] GET /api/metrics -> clients=0 global=0 statuses=0 phase=n/a
[2026-09-30T06:52:31.870917+05:30] [DEBUG] GET /api/comparison -> clean_clients=50 poisoned_clients=10
[2026-09-30T06:52:35.875890+05:30] [DEBUG] GET /api/run-state -> running=True phase=poisoned clean_exit=0 poisoned_exit=None
[2026-09-30T06:52:36.868446+05:30] [DEBUG] GET /api/metrics -> clients=0 global=0 statuses=0 phase=n/a
[2026-09-30T06:52:36.869880+05:30] [DEBUG] GET /api/comparison -> clean_clients=50 poisoned_clients=10
[2026-09-30T06:52:41.870144+05:30] [DEBUG] GET /api/run-state -> running=True phase=poisoned clean_exit=0 poisoned_exit=None
[2026-09-30T06:52:41.871659+05:30] [DEBUG] GET /api/metrics -> clients=0 global=0 statuses=0 phase=n/a
[2026-09-30T06:52:41.873171+05:30] [DEBUG] GET /api/comparison -> clean_clients=50 poisoned_clients=10
[2026-09-30T06:52:46.875809+05:30] [DEBUG] GET /api/run-state -> running=True phase=poisoned clean_exit=0 poisoned_exit=None
[2026-09-30T06:52:46.875809+05:30] [DEBUG] GET /api/metrics -> clients=0 global=0 statuses=0 phase=n/a
[2026-09-30T06:52:46.878832+05:30] [DEBUG] GET /api/comparison -> clean_clients=50 poisoned_clients=10
[2026-09-30T06:52:51.876036+05:30] [DEBUG] GET /api/run-state -> running=True phase=poisoned clean_exit=0 poisoned_exit=None
[2026-09-30T06:52:51.876036+05:30] [DEBUG] GET /api/metrics -> clients=0 global=0 statuses=0 phase=n/a
[2026-09-30T06:52:51.877058+05:30] [DEBUG] GET /api/comparison -> clean_clients=50 poisoned_clients=10
[2026-09-30T06:52:56.867174+05:30] [DEBUG] GET /api/comparison -> clean_clients=50 poisoned_clients=10
[2026-09-30T06:52:57.863561+05:30] [DEBUG] GET /api/run-state -> running=True phase=poisoned clean_exit=0 poisoned_exit=None
[2026-09-30T06:52:57.865074+05:30] [DEBUG] GET /api/metrics -> clients=0 global=0 statuses=0 phase=n/a
[2026-09-30T06:53:01.868779+05:30] [DEBUG] GET /api/comparison -> clean_clients=50 poisoned_clients=10
[2026-09-30T06:53:02.863945+05:30] [DEBUG] GET /api/run-state -> running=True phase=poisoned clean_exit=0 poisoned_exit=None
[2026-09-30T06:53:03.868224+05:30] [DEBUG] GET /api/metrics -> clients=0 global=0 statuses=0 phase=n/a
[2026-09-30T06:53:06.867189+05:30] [DEBUG] GET /api/comparison -> clean_clients=50 poisoned_clients=10
[2026-09-30T06:53:07.877952+05:30] [DEBUG] GET /api/run-state -> running=True phase=poisoned clean_exit=0 poisoned_exit=None
[2026-09-30T06:53:08.866013+05:30] [DEBUG] GET /api/metrics -> clients=0 global=0 statuses=0 phase=n/a
[2026-09-30T06:53:11.874404+05:30] [DEBUG] GET /api/comparison -> clean_clients=50 poisoned_clients=10
[2026-09-30T06:53:13.877853+05:30] [DEBUG] GET /api/run-state -> running=True phase=poisoned clean_exit=0 poisoned_exit=None
[2026-09-30T06:53:13.879367+05:30] [DEBUG] GET /api/metrics -> clients=0 global=0 statuses=0 phase=n/a
[2026-09-30T06:53:16.872958+05:30] [DEBUG] GET /api/comparison -> clean_clients=50 poisoned_clients=10
[2026-09-30T06:53:18.875708+05:30] [DEBUG] GET /api/run-state -> running=True phase=poisoned clean_exit=0 poisoned_exit=None
[2026-09-30T06:53:18.876266+05:30] [DEBUG] GET /api/metrics -> clients=0 global=0 statuses=0 phase=n/a
[2026-09-30T06:53:21.868864+05:30] [DEBUG] GET /api/comparison -> clean_clients=50 poisoned_clients=10
[2026-09-30T06:53:23.866550+05:30] [DEBUG] GET /api/run-state -> running=True phase=poisoned clean_exit=0 poisoned_exit=None
[2026-09-30T06:53:23.866550+05:30] [DEBUG] GET /api/metrics -> clients=0 global=0 statuses=0 phase=n/a
[2026-09-30T06:53:26.870139+05:30] [DEBUG] GET /api/comparison -> clean_clients=50 poisoned_clients=10
[2026-09-30T06:53:28.877524+05:30] [DEBUG] GET /api/run-state -> running=True phase=poisoned clean_exit=0 poisoned_exit=None
[2026-09-30T06:53:28.877524+05:30] [DEBUG] GET /api/metrics -> clients=0 global=0 statuses=0 phase=n/a
[2026-09-30T06:53:31.870240+05:30] [DEBUG] GET /api/comparison -> clean_clients=50 poisoned_clients=10
[2026-09-30T06:53:34.868663+05:30] [DEBUG] GET /api/run-state -> running=True phase=poisoned clean_exit=0 poisoned_exit=None
[2026-09-30T06:53:34.868663+05:30] [DEBUG] GET /api/metrics -> clients=0 global=0 statuses=0 phase=n/a
[2026-09-30T06:53:36.870211+05:30] [DEBUG] GET /api/comparison -> clean_clients=50 poisoned_clients=10
[2026-09-30T06:53:39.876263+05:30] [DEBUG] GET /api/run-state -> running=True phase=poisoned clean_exit=0 poisoned_exit=None
[2026-09-30T06:53:39.876263+05:30] [DEBUG] GET /api/metrics -> clients=0 global=0 statuses=0 phase=n/a
[2026-09-30T06:53:41.866512+05:30] [DEBUG] GET /api/comparison -> clean_clients=50 poisoned_clients=10
[2026-09-30T06:53:44.865069+05:30] [DEBUG] GET /api/run-state -> running=True phase=poisoned clean_exit=0 poisoned_exit=None
[2026-09-30T06:53:44.866582+05:30] [DEBUG] GET /api/metrics -> clients=0 global=0 statuses=0 phase=n/a
[2026-09-30T06:53:46.881264+05:30] [DEBUG] GET /api/comparison -> clean_clients=50 poisoned_clients=10
[2026-09-30T06:53:49.890247+05:30] [DEBUG] GET /api/run-state -> running=True phase=poisoned clean_exit=0 poisoned_exit=None
[2026-09-30T06:53:49.891760+05:30] [DEBUG] GET /api/metrics -> clients=0 global=0 statuses=0 phase=n/a
[2026-09-30T06:53:51.885647+05:30] [DEBUG] GET /api/comparison -> clean_clients=50 poisoned_clients=10
[2026-09-30T06:53:55.867114+05:30] [DEBUG] GET /api/run-state -> running=True phase=poisoned clean_exit=0 poisoned_exit=None
[2026-09-30T06:53:55.868625+05:30] [DEBUG] GET /api/metrics -> clients=0 global=0 statuses=0 phase=n/a
[2026-09-30T06:53:57.876754+05:30] [DEBUG] GET /api/comparison -> clean_clients=50 poisoned_clients=10
[2026-09-30T06:54:00.879840+05:30] [DEBUG] GET /api/run-state -> running=True phase=poisoned clean_exit=0 poisoned_exit=None
[2026-09-30T06:54:00.881360+05:30] [DEBUG] GET /api/metrics -> clients=0 global=0 statuses=0 phase=n/a
[2026-09-30T06:54:02.958560+05:30] [DEBUG] GET /api/comparison -> clean_clients=50 poisoned_clients=10
[2026-09-30T06:54:06.867467+05:30] [DEBUG] GET /api/run-state -> running=True phase=poisoned clean_exit=0 poisoned_exit=None
[2026-09-30T06:54:06.867467+05:30] [DEBUG] GET /api/metrics -> clients=0 global=0 statuses=0 phase=n/a
[2026-09-30T06:54:08.873657+05:30] [DEBUG] GET /api/comparison -> clean_clients=50 poisoned_clients=10
[2026-09-30T06:54:11.875161+05:30] [DEBUG] GET /api/run-state -> running=True phase=poisoned clean_exit=0 poisoned_exit=None
[2026-09-30T06:54:11.875161+05:30] [DEBUG] GET /api/metrics -> clients=0 global=0 statuses=0 phase=n/a
[2026-09-30T06:54:13.866781+05:30] [DEBUG] GET /api/comparison -> clean_clients=50 poisoned_clients=10
[2026-09-30T06:54:16.866939+05:30] [DEBUG] GET /api/run-state -> running=True phase=poisoned clean_exit=0 poisoned_exit=None
[2026-09-30T06:54:16.866939+05:30] [DEBUG] GET /api/metrics -> clients=0 global=0 statuses=0 phase=n/a
[2026-09-30T06:54:18.866609+05:30] [DEBUG] GET /api/comparison -> clean_clients=50 poisoned_clients=10
[2026-09-30T06:54:21.874933+05:30] [DEBUG] GET /api/metrics -> clients=0 global=0 statuses=0 phase=n/a
[2026-09-30T06:54:21.877687+05:30] [DEBUG] GET /api/run-state -> running=True phase=poisoned clean_exit=0 poisoned_exit=None
[2026-09-30T06:54:23.917852+05:30] [DEBUG] GET /api/comparison -> clean_clients=50 poisoned_clients=10
[2026-09-30T06:54:26.869057+05:30] [DEBUG] GET /api/run-state -> running=True phase=poisoned clean_exit=0 poisoned_exit=None
[2026-09-30T06:54:26.869057+05:30] [DEBUG] GET /api/metrics -> clients=0 global=0 statuses=0 phase=n/a
[2026-09-30T06:54:29.881247+05:30] [DEBUG] GET /api/comparison -> clean_clients=50 poisoned_clients=10
[2026-09-30T06:54:31.871186+05:30] [DEBUG] GET /api/run-state -> running=True phase=poisoned clean_exit=0 poisoned_exit=None
[2026-09-30T06:54:31.871186+05:30] [DEBUG] GET /api/metrics -> clients=0 global=0 statuses=0 phase=n/a
[2026-09-30T06:54:35.883353+05:30] [DEBUG] GET /api/comparison -> clean_clients=50 poisoned_clients=10
[2026-09-30T06:54:36.867142+05:30] [DEBUG] GET /api/run-state -> running=True phase=poisoned clean_exit=0 poisoned_exit=None
[2026-09-30T06:54:36.868671+05:30] [DEBUG] GET /api/metrics -> clients=0 global=0 statuses=0 phase=broadcast
[2026-09-30T06:54:41.868200+05:30] [DEBUG] GET /api/run-state -> running=True phase=poisoned clean_exit=0 poisoned_exit=None
[2026-09-30T06:54:41.869715+05:30] [DEBUG] GET /api/metrics -> clients=0 global=0 statuses=0 phase=broadcast
[2026-09-30T06:54:41.871229+05:30] [DEBUG] GET /api/comparison -> clean_clients=50 poisoned_clients=10
[2026-09-30T06:54:46.879812+05:30] [DEBUG] GET /api/run-state -> running=True phase=poisoned clean_exit=0 poisoned_exit=None
[2026-09-30T06:54:46.882846+05:30] [DEBUG] GET /api/comparison -> clean_clients=50 poisoned_clients=10
[2026-09-30T06:54:46.884365+05:30] [DEBUG] GET /api/metrics -> clients=0 global=1 statuses=0 phase=evaluate
[2026-09-30T06:54:51.879757+05:30] [DEBUG] GET /api/run-state -> running=True phase=poisoned clean_exit=0 poisoned_exit=None
[2026-09-30T06:54:51.881268+05:30] [DEBUG] GET /api/metrics -> clients=0 global=1 statuses=0 phase=evaluate
[2026-09-30T06:54:51.882782+05:30] [DEBUG] GET /api/comparison -> clean_clients=50 poisoned_clients=10
[2026-09-30T06:54:56.870489+05:30] [DEBUG] GET /api/run-state -> running=True phase=poisoned clean_exit=0 poisoned_exit=None
[2026-09-30T06:54:57.883561+05:30] [DEBUG] GET /api/metrics -> clients=0 global=1 statuses=0 phase=evaluate
[2026-09-30T06:54:57.888101+05:30] [DEBUG] GET /api/comparison -> clean_clients=50 poisoned_clients=10
[2026-09-30T06:55:02.032169+05:30] [DEBUG] GET /api/run-state -> running=True phase=poisoned clean_exit=0 poisoned_exit=None
[2026-09-30T06:55:03.871862+05:30] [DEBUG] GET /api/metrics -> clients=0 global=1 statuses=0 phase=evaluate
[2026-09-30T06:55:03.873378+05:30] [DEBUG] GET /api/comparison -> clean_clients=50 poisoned_clients=10
[2026-09-30T06:55:07.263914+05:30] [DEBUG] GET /api/run-state -> running=True phase=poisoned clean_exit=0 poisoned_exit=None
[2026-09-30T06:55:09.666467+05:30] [DEBUG] GET /api/metrics -> clients=0 global=1 statuses=0 phase=evaluate
[2026-09-30T06:55:09.688373+05:30] [DEBUG] GET /api/comparison -> clean_clients=50 poisoned_clients=10
[2026-09-30T06:55:12.752808+05:30] [DEBUG] GET /api/run-state -> running=True phase=poisoned clean_exit=0 poisoned_exit=None
[2026-09-30T06:55:15.255908+05:30] [DEBUG] GET /api/metrics -> clients=0 global=1 statuses=0 phase=evaluate
[2026-09-30T06:55:15.257426+05:30] [DEBUG] GET /api/comparison -> clean_clients=50 poisoned_clients=10
[2026-09-30T06:55:18.761431+05:30] [DEBUG] GET /api/run-state -> running=True phase=poisoned clean_exit=0 poisoned_exit=None
[2026-09-30T06:55:20.277915+05:30] [DEBUG] GET /api/metrics -> clients=0 global=1 statuses=0 phase=evaluate
[2026-09-30T06:55:20.295727+05:30] [DEBUG] GET /api/comparison -> clean_clients=50 poisoned_clients=10
[2026-09-30T06:55:24.268172+05:30] [DEBUG] GET /api/run-state -> running=True phase=poisoned clean_exit=0 poisoned_exit=None
[2026-09-30T06:55:26.255204+05:30] [DEBUG] GET /api/metrics -> clients=0 global=1 statuses=0 phase=evaluate
[2026-09-30T06:55:26.256700+05:30] [DEBUG] GET /api/comparison -> clean_clients=50 poisoned_clients=10
[2026-09-30T06:55:30.259355+05:30] [DEBUG] GET /api/run-state -> running=True phase=poisoned clean_exit=0 poisoned_exit=None
[2026-09-30T06:55:31.337420+05:30] [DEBUG] GET /api/metrics -> clients=0 global=1 statuses=0 phase=evaluate
[2026-09-30T06:55:31.416678+05:30] [DEBUG] GET /api/comparison -> clean_clients=50 poisoned_clients=10
[2026-09-30T06:55:36.259725+05:30] [DEBUG] GET /api/run-state -> running=True phase=poisoned clean_exit=0 poisoned_exit=None
[2026-09-30T06:55:37.308954+05:30] [DEBUG] GET /api/metrics -> clients=0 global=1 statuses=0 phase=evaluate
[2026-09-30T06:55:37.309960+05:30] [DEBUG] GET /api/comparison -> clean_clients=50 poisoned_clients=10
[2026-09-30T06:55:42.245224+05:30] [DEBUG] GET /api/run-state -> running=True phase=poisoned clean_exit=0 poisoned_exit=None
[2026-09-30T06:55:43.251369+05:30] [DEBUG] GET /api/metrics -> clients=0 global=1 statuses=0 phase=evaluate
[2026-09-30T06:55:43.253576+05:30] [DEBUG] GET /api/comparison -> clean_clients=50 poisoned_clients=10
[2026-09-30T06:55:47.250194+05:30] [DEBUG] GET /api/run-state -> running=True phase=poisoned clean_exit=0 poisoned_exit=None
[2026-09-30T06:55:48.249842+05:30] [DEBUG] GET /api/metrics -> clients=0 global=1 statuses=0 phase=evaluate
[2026-09-30T06:55:48.251359+05:30] [DEBUG] GET /api/comparison -> clean_clients=50 poisoned_clients=10
[2026-09-30T06:55:52.257496+05:30] [DEBUG] GET /api/run-state -> running=True phase=poisoned clean_exit=0 poisoned_exit=None
[2026-09-30T06:55:53.247310+05:30] [DEBUG] GET /api/metrics -> clients=0 global=1 statuses=0 phase=evaluate
[2026-09-30T06:55:53.248375+05:30] [DEBUG] GET /api/comparison -> clean_clients=50 poisoned_clients=10
[2026-09-30T06:55:58.256684+05:30] [DEBUG] GET /api/run-state -> running=True phase=poisoned clean_exit=0 poisoned_exit=None
[2026-09-30T06:55:58.258214+05:30] [DEBUG] GET /api/metrics -> clients=0 global=1 statuses=0 phase=evaluate
[2026-09-30T06:55:58.259730+05:30] [DEBUG] GET /api/comparison -> clean_clients=50 poisoned_clients=10
[2026-09-30T06:56:03.257128+05:30] [DEBUG] GET /api/run-state -> running=True phase=poisoned clean_exit=0 poisoned_exit=None
[2026-09-30T06:56:03.257128+05:30] [DEBUG] GET /api/metrics -> clients=0 global=1 statuses=0 phase=evaluate
[2026-09-30T06:56:03.258643+05:30] [DEBUG] GET /api/comparison -> clean_clients=50 poisoned_clients=10
[2026-09-30T06:56:08.300314+05:30] [DEBUG] GET /api/metrics -> clients=0 global=1 statuses=0 phase=evaluate
[2026-09-30T06:56:08.301827+05:30] [DEBUG] GET /api/run-state -> running=True phase=poisoned clean_exit=0 poisoned_exit=None
[2026-09-30T06:56:08.303337+05:30] [DEBUG] GET /api/comparison -> clean_clients=50 poisoned_clients=10
[2026-09-30T06:57:08.294885+05:30] [DEBUG] GET /api/run-state -> running=True phase=poisoned clean_exit=0 poisoned_exit=None
[2026-09-30T06:57:08.296400+05:30] [DEBUG] GET /api/comparison -> clean_clients=50 poisoned_clients=10
[2026-09-30T06:57:08.395299+05:30] [DEBUG] GET /api/metrics -> clients=10 global=3 statuses=5 phase=train
[2026-09-30T06:57:13.875526+05:30] [DEBUG] GET /api/run-state -> running=True phase=poisoned clean_exit=0 poisoned_exit=None
[2026-09-30T06:57:13.879405+05:30] [DEBUG] GET /api/comparison -> clean_clients=50 poisoned_clients=10
[2026-09-30T06:57:13.928945+05:30] [DEBUG] GET /api/metrics -> clients=12 global=3 statuses=5 phase=train
[2026-09-30T06:57:18.865932+05:30] [DEBUG] GET /api/run-state -> running=True phase=poisoned clean_exit=0 poisoned_exit=None
[2026-09-30T06:57:18.868957+05:30] [DEBUG] GET /api/comparison -> clean_clients=50 poisoned_clients=10
[2026-09-30T06:57:19.883223+05:30] [DEBUG] GET /api/metrics -> clients=15 global=3 statuses=5 phase=aggregate
[2026-09-30T06:57:23.867122+05:30] [DEBUG] GET /api/run-state -> running=True phase=poisoned clean_exit=0 poisoned_exit=None
[2026-09-30T06:57:23.870338+05:30] [DEBUG] GET /api/comparison -> clean_clients=50 poisoned_clients=10
[2026-09-30T06:57:25.904999+05:30] [DEBUG] GET /api/metrics -> clients=15 global=4 statuses=5 phase=train
[2026-09-30T06:57:29.678489+05:30] [DEBUG] GET /api/run-state -> running=True phase=poisoned clean_exit=0 poisoned_exit=None
[2026-09-30T06:57:29.691864+05:30] [DEBUG] GET /api/comparison -> clean_clients=50 poisoned_clients=10
[2026-09-30T06:57:31.473049+05:30] [DEBUG] GET /api/metrics -> clients=15 global=4 statuses=5 phase=train
[2026-09-30T06:57:35.245546+05:30] [DEBUG] GET /api/run-state -> running=True phase=poisoned clean_exit=0 poisoned_exit=None
[2026-09-30T06:57:35.248592+05:30] [DEBUG] GET /api/comparison -> clean_clients=50 poisoned_clients=10
[2026-09-30T06:57:37.254320+05:30] [DEBUG] GET /api/metrics -> clients=20 global=4 statuses=5 phase=aggregate
[2026-09-30T06:57:40.260184+05:30] [DEBUG] GET /api/run-state -> running=True phase=poisoned clean_exit=0 poisoned_exit=None
[2026-09-30T06:57:40.264242+05:30] [DEBUG] GET /api/comparison -> clean_clients=50 poisoned_clients=10
[2026-09-30T06:57:42.261818+05:30] [DEBUG] GET /api/metrics -> clients=20 global=5 statuses=5 phase=train
[2026-09-30T06:57:45.257277+05:30] [DEBUG] GET /api/comparison -> clean_clients=50 poisoned_clients=10
[2026-09-30T06:57:46.268223+05:30] [DEBUG] GET /api/run-state -> running=True phase=poisoned clean_exit=0 poisoned_exit=None
[2026-09-30T06:57:47.278504+05:30] [DEBUG] GET /api/metrics -> clients=20 global=5 statuses=5 phase=train
[2026-09-30T06:57:50.290085+05:30] [DEBUG] GET /api/comparison -> clean_clients=50 poisoned_clients=10
[2026-09-30T06:57:52.259720+05:30] [DEBUG] GET /api/run-state -> running=True phase=poisoned clean_exit=0 poisoned_exit=None
[2026-09-30T06:57:52.297009+05:30] [DEBUG] GET /api/metrics -> clients=25 global=5 statuses=5 phase=aggregate
[2026-09-30T06:57:56.252147+05:30] [DEBUG] GET /api/comparison -> clean_clients=50 poisoned_clients=10
[2026-09-30T06:57:57.259359+05:30] [DEBUG] GET /api/run-state -> running=True phase=poisoned clean_exit=0 poisoned_exit=None
[2026-09-30T06:57:58.258296+05:30] [DEBUG] GET /api/metrics -> clients=25 global=5 statuses=5 phase=evaluate
[2026-09-30T06:58:01.248347+05:30] [DEBUG] GET /api/comparison -> clean_clients=50 poisoned_clients=10
[2026-09-30T06:58:03.263712+05:30] [DEBUG] GET /api/run-state -> running=True phase=poisoned clean_exit=0 poisoned_exit=None
[2026-09-30T06:58:03.275503+05:30] [DEBUG] GET /api/metrics -> clients=25 global=6 statuses=5 phase=train
[2026-09-30T06:58:06.279313+05:30] [DEBUG] GET /api/comparison -> clean_clients=50 poisoned_clients=10
[2026-09-30T06:58:08.276777+05:30] [DEBUG] GET /api/run-state -> running=True phase=poisoned clean_exit=0 poisoned_exit=None
[2026-09-30T06:58:08.282461+05:30] [DEBUG] GET /api/metrics -> clients=25 global=6 statuses=5 phase=train
[2026-09-30T06:58:12.289295+05:30] [DEBUG] GET /api/comparison -> clean_clients=50 poisoned_clients=10
[2026-09-30T06:58:14.248667+05:30] [DEBUG] GET /api/run-state -> running=True phase=poisoned clean_exit=0 poisoned_exit=None
[2026-09-30T06:58:14.254735+05:30] [DEBUG] GET /api/metrics -> clients=30 global=6 statuses=5 phase=aggregate
[2026-09-30T06:58:18.261403+05:30] [DEBUG] GET /api/comparison -> clean_clients=50 poisoned_clients=10
[2026-09-30T06:58:19.243784+05:30] [DEBUG] GET /api/run-state -> running=True phase=poisoned clean_exit=0 poisoned_exit=None
[2026-09-30T06:58:19.252405+05:30] [DEBUG] GET /api/metrics -> clients=30 global=7 statuses=5 phase=train
[2026-09-30T06:58:23.265327+05:30] [DEBUG] GET /api/comparison -> clean_clients=50 poisoned_clients=10
[2026-09-30T06:58:24.271927+05:30] [DEBUG] GET /api/run-state -> running=True phase=poisoned clean_exit=0 poisoned_exit=None
[2026-09-30T06:58:24.303594+05:30] [DEBUG] GET /api/metrics -> clients=30 global=7 statuses=5 phase=train
[2026-09-30T06:58:28.547910+05:30] [DEBUG] GET /api/comparison -> clean_clients=50 poisoned_clients=10
[2026-09-30T06:59:08.287567+05:30] [DEBUG] GET /api/comparison -> clean_clients=50 poisoned_clients=10
[2026-09-30T06:59:08.293262+05:30] [DEBUG] GET /api/run-state -> running=True phase=poisoned clean_exit=0 poisoned_exit=None
[2026-09-30T06:59:08.415740+05:30] [DEBUG] GET /api/metrics -> clients=45 global=9 statuses=5 phase=aggregate
[2026-09-30T06:59:15.975544+05:30] [DEBUG] GET /api/comparison -> clean_clients=50 poisoned_clients=10
[2026-09-30T06:59:15.978573+05:30] [DEBUG] GET /api/run-state -> running=True phase=poisoned clean_exit=0 poisoned_exit=None
[2026-09-30T06:59:16.016263+05:30] [DEBUG] GET /api/metrics -> clients=45 global=10 statuses=5 phase=train
[2026-09-30T06:59:21.881283+05:30] [DEBUG] GET /api/run-state -> running=True phase=poisoned clean_exit=0 poisoned_exit=None
[2026-09-30T06:59:21.886458+05:30] [DEBUG] GET /api/comparison -> clean_clients=50 poisoned_clients=10
[2026-09-30T06:59:21.906104+05:30] [DEBUG] GET /api/metrics -> clients=45 global=10 statuses=5 phase=train
[2026-09-30T06:59:27.878984+05:30] [DEBUG] GET /api/run-state -> running=True phase=poisoned clean_exit=0 poisoned_exit=None
[2026-09-30T06:59:27.882021+05:30] [DEBUG] GET /api/comparison -> clean_clients=50 poisoned_clients=10
[2026-09-30T06:59:27.891165+05:30] [DEBUG] GET /api/metrics -> clients=50 global=10 statuses=5 phase=aggregate
[2026-09-30T06:59:32.880172+05:30] [DEBUG] GET /api/run-state -> running=True phase=poisoned clean_exit=0 poisoned_exit=None
[2026-09-30T06:59:32.881687+05:30] [DEBUG] GET /api/comparison -> clean_clients=50 poisoned_clients=10
[2026-09-30T06:59:32.889263+05:30] [DEBUG] GET /api/metrics -> clients=50 global=11 statuses=5 phase=evaluate
[2026-09-30T06:59:37.876865+05:30] [DEBUG] GET /api/run-state -> running=True phase=poisoned clean_exit=0 poisoned_exit=None
[2026-09-30T06:59:37.884455+05:30] [DEBUG] GET /api/metrics -> clients=50 global=11 statuses=5 phase=evaluate
[2026-09-30T06:59:38.865911+05:30] [DEBUG] GET /api/comparison -> clean_clients=50 poisoned_clients=10
[2026-09-30T06:59:42.877984+05:30] [DEBUG] GET /api/run-state -> running=True phase=poisoned clean_exit=0 poisoned_exit=None
[2026-09-30T06:59:42.886580+05:30] [DEBUG] GET /api/metrics -> clients=50 global=11 statuses=5 phase=evaluate
[2026-09-30T06:59:43.879747+05:30] [DEBUG] GET /api/comparison -> clean_clients=50 poisoned_clients=10
[2026-09-30T06:59:48.867822+05:30] [DEBUG] GET /api/run-state -> running=True phase=poisoned clean_exit=0 poisoned_exit=None
[2026-09-30T06:59:48.869395+05:30] [DEBUG] GET /api/comparison -> clean_clients=50 poisoned_clients=10
[2026-09-30T06:59:48.875754+05:30] [DEBUG] GET /api/metrics -> clients=50 global=11 statuses=5 phase=evaluate
[2026-09-30T06:59:53.866748+05:30] [DEBUG] GET /api/run-state -> running=True phase=poisoned clean_exit=0 poisoned_exit=None
[2026-09-30T06:59:53.868258+05:30] [DEBUG] GET /api/comparison -> clean_clients=50 poisoned_clients=10
[2026-09-30T06:59:53.874314+05:30] [DEBUG] GET /api/metrics -> clients=50 global=11 statuses=5 phase=evaluate
[2026-09-30T06:59:58.865643+05:30] [DEBUG] GET /api/comparison -> clean_clients=50 poisoned_clients=10
[2026-09-30T06:59:58.872811+05:30] [DEBUG] GET /api/metrics -> clients=50 global=11 statuses=5 phase=evaluate
[2026-09-30T06:59:59.874507+05:30] [DEBUG] GET /api/run-state -> running=True phase=poisoned clean_exit=0 poisoned_exit=None
[2026-09-30T07:00:03.866335+05:30] [DEBUG] GET /api/comparison -> clean_clients=50 poisoned_clients=10
[2026-09-30T07:00:03.872379+05:30] [DEBUG] GET /api/metrics -> clients=50 global=11 statuses=5 phase=evaluate
[2026-09-30T07:00:04.865514+05:30] [DEBUG] GET /api/run-state -> running=True phase=poisoned clean_exit=0 poisoned_exit=None
[2026-09-30T07:00:08.872161+05:30] [DEBUG] GET /api/comparison -> clean_clients=50 poisoned_clients=10
[2026-09-30T07:00:08.879764+05:30] [DEBUG] GET /api/metrics -> clients=50 global=11 statuses=5 phase=evaluate
[2026-09-30T07:00:09.865597+05:30] [DEBUG] GET /api/run-state -> running=True phase=poisoned clean_exit=0 poisoned_exit=None
[2026-09-30T07:00:13.869343+05:30] [DEBUG] GET /api/comparison -> clean_clients=50 poisoned_clients=10
[2026-09-30T07:00:13.875683+05:30] [DEBUG] GET /api/metrics -> clients=50 global=11 statuses=5 phase=evaluate
[2026-09-30T07:00:14.866715+05:30] [DEBUG] GET /api/run-state -> running=True phase=poisoned clean_exit=0 poisoned_exit=None
[2026-09-30T07:00:18.868943+05:30] [DEBUG] GET /api/comparison -> clean_clients=50 poisoned_clients=10
[2026-09-30T07:00:18.874984+05:30] [DEBUG] GET /api/metrics -> clients=50 global=11 statuses=5 phase=evaluate
[2026-09-30T07:00:20.870235+05:30] [DEBUG] GET /api/run-state -> running=True phase=poisoned clean_exit=0 poisoned_exit=None
[2026-09-30T07:00:23.867163+05:30] [DEBUG] GET /api/comparison -> clean_clients=50 poisoned_clients=10
[2026-09-30T07:00:23.872725+05:30] [DEBUG] GET /api/metrics -> clients=50 global=11 statuses=5 phase=evaluate
[2026-09-30T07:00:25.874114+05:30] [DEBUG] GET /api/run-state -> running=True phase=poisoned clean_exit=0 poisoned_exit=None
[2026-09-30T07:00:26.887186+05:30] [DEBUG] Poisoned command exited rc=0 duration=575.2s
[2026-09-30T07:00:26.926645+05:30] [DEBUG] Snapshot poisoned: copied metrics files to E:\FedSecureLab\results\comparison\poisoned and 50 client fragments.
[2026-09-30T07:00:26.926645+05:30] [INFO] Saved poisoned snapshot with completed metrics; it will remain available during the next run.
[2026-09-30T07:00:26.928158+05:30] [INFO] Poisoned experiment completed successfully.
[2026-09-30T07:00:26.928158+05:30] [INFO] Comparison finished. Both clean and poisoned rows are available below.
[2026-09-30T07:00:26.934209+05:30] [DEBUG] Reset transient live metrics (client fragments, status files, live CSVs, phase file).
[2026-09-30T07:00:26.934209+05:30] [INFO] Cleared transient live metrics after completion; snapshots remain available.
[2026-09-30T07:00:28.869509+05:30] [DEBUG] GET /api/metrics -> clients=0 global=0 statuses=0 phase=n/a
[2026-09-30T07:00:28.871022+05:30] [DEBUG] GET /api/comparison -> clean_clients=50 poisoned_clients=50
[2026-09-30T07:00:30.873867+05:30] [DEBUG] GET /api/run-state -> running=False phase=done clean_exit=0 poisoned_exit=0
[2026-09-30T07:00:33.871271+05:30] [DEBUG] GET /api/metrics -> clients=0 global=0 statuses=0 phase=n/a
[2026-09-30T07:00:33.872785+05:30] [DEBUG] GET /api/comparison -> clean_clients=50 poisoned_clients=50
[2026-09-30T07:00:35.872683+05:30] [DEBUG] GET /api/run-state -> running=False phase=done clean_exit=0 poisoned_exit=0
[2026-09-30T07:00:38.864936+05:30] [DEBUG] GET /api/metrics -> clients=0 global=0 statuses=0 phase=n/a
[2026-09-30T07:00:38.866456+05:30] [DEBUG] GET /api/comparison -> clean_clients=50 poisoned_clients=50
[2026-09-30T07:00:40.870966+05:30] [DEBUG] GET /api/run-state -> running=False phase=done clean_exit=0 poisoned_exit=0
[2026-09-30T07:00:43.866099+05:30] [DEBUG] GET /api/comparison -> clean_clients=50 poisoned_clients=50
[2026-09-30T07:00:44.863536+05:30] [DEBUG] GET /api/metrics -> clients=0 global=0 statuses=0 phase=n/a
[2026-09-30T07:00:46.872266+05:30] [DEBUG] GET /api/run-state -> running=False phase=done clean_exit=0 poisoned_exit=0
[2026-09-30T07:00:48.865946+05:30] [DEBUG] GET /api/comparison -> clean_clients=50 poisoned_clients=50
[2026-09-30T07:00:49.872807+05:30] [DEBUG] GET /api/metrics -> clients=0 global=0 statuses=0 phase=n/a
[2026-09-30T07:00:51.931206+05:30] [DEBUG] GET /api/run-state -> running=False phase=done clean_exit=0 poisoned_exit=0
[2026-09-30T07:00:53.866063+05:30] [DEBUG] GET /api/comparison -> clean_clients=50 poisoned_clients=50
[2026-09-30T07:00:54.867528+05:30] [DEBUG] GET /api/metrics -> clients=0 global=0 statuses=0 phase=n/a
[2026-09-30T07:00:57.874083+05:30] [DEBUG] GET /api/run-state -> running=False phase=done clean_exit=0 poisoned_exit=0
[2026-09-30T07:00:58.877709+05:30] [DEBUG] GET /api/comparison -> clean_clients=50 poisoned_clients=50
[2026-09-30T07:00:59.876429+05:30] [DEBUG] GET /api/metrics -> clients=0 global=0 statuses=0 phase=n/a
[2026-09-30T07:01:02.871961+05:30] [DEBUG] GET /api/run-state -> running=False phase=done clean_exit=0 poisoned_exit=0
[2026-09-30T07:01:03.874361+05:30] [DEBUG] GET /api/comparison -> clean_clients=50 poisoned_clients=50
[2026-09-30T07:01:04.877162+05:30] [DEBUG] GET /api/metrics -> clients=0 global=0 statuses=0 phase=n/a
[2026-09-30T07:01:07.876486+05:30] [DEBUG] GET /api/run-state -> running=False phase=done clean_exit=0 poisoned_exit=0
[2026-09-30T07:01:08.872038+05:30] [DEBUG] GET /api/comparison -> clean_clients=50 poisoned_clients=50
[2026-09-30T07:01:09.865014+05:30] [DEBUG] GET /api/metrics -> clients=0 global=0 statuses=0 phase=n/a
[2026-09-30T07:01:12.875827+05:30] [DEBUG] GET /api/run-state -> running=False phase=done clean_exit=0 poisoned_exit=0
[2026-09-30T07:01:13.873361+05:30] [DEBUG] GET /api/comparison -> clean_clients=50 poisoned_clients=50
[2026-09-30T07:01:14.876984+05:30] [DEBUG] GET /api/metrics -> clients=0 global=0 statuses=0 phase=n/a
[2026-09-30T07:01:18.251768+05:30] [DEBUG] GET /api/run-state -> running=False phase=done clean_exit=0 poisoned_exit=0
[2026-09-30T07:01:19.256912+05:30] [DEBUG] GET /api/comparison -> clean_clients=50 poisoned_clients=50
[2026-09-30T07:01:20.255662+05:30] [DEBUG] GET /api/metrics -> clients=0 global=0 statuses=0 phase=n/a
[2026-09-30T07:01:23.254309+05:30] [DEBUG] GET /api/run-state -> running=False phase=done clean_exit=0 poisoned_exit=0
[2026-09-30T07:01:24.363931+05:30] [DEBUG] GET /api/comparison -> clean_clients=50 poisoned_clients=50
[2026-09-30T07:01:26.250689+05:30] [DEBUG] GET /api/metrics -> clients=0 global=0 statuses=0 phase=n/a
[2026-09-30T07:01:28.247462+05:30] [DEBUG] GET /api/run-state -> running=False phase=done clean_exit=0 poisoned_exit=0
[2026-09-30T07:01:30.258214+05:30] [DEBUG] GET /api/comparison -> clean_clients=50 poisoned_clients=50
[2026-09-30T07:01:31.274660+05:30] [DEBUG] GET /api/metrics -> clients=0 global=0 statuses=0 phase=n/a
[2026-09-30T07:01:33.869316+05:30] [DEBUG] GET /api/run-state -> running=False phase=done clean_exit=0 poisoned_exit=0
[2026-09-30T07:01:35.878760+05:30] [DEBUG] GET /api/comparison -> clean_clients=50 poisoned_clients=50
[2026-09-30T07:01:36.868726+05:30] [DEBUG] GET /api/metrics -> clients=0 global=0 statuses=0 phase=n/a
[2026-09-30T07:01:38.872587+05:30] [DEBUG] GET /api/run-state -> running=False phase=done clean_exit=0 poisoned_exit=0
[2026-09-30T07:01:40.872605+05:30] [DEBUG] GET /api/comparison -> clean_clients=50 poisoned_clients=50
[2026-09-30T07:01:41.867728+05:30] [DEBUG] GET /api/metrics -> clients=0 global=0 statuses=0 phase=n/a
[2026-09-30T07:01:43.868052+05:30] [DEBUG] GET /api/run-state -> running=False phase=done clean_exit=0 poisoned_exit=0
[2026-09-30T07:01:45.869690+05:30] [DEBUG] GET /api/comparison -> clean_clients=50 poisoned_clients=50
[2026-09-30T07:01:46.869473+05:30] [DEBUG] GET /api/metrics -> clients=0 global=0 statuses=0 phase=n/a
[2026-09-30T07:01:48.868232+05:30] [DEBUG] GET /api/run-state -> running=False phase=done clean_exit=0 poisoned_exit=0
[2026-09-30T07:01:50.875423+05:30] [DEBUG] GET /api/comparison -> clean_clients=50 poisoned_clients=50
[2026-09-30T07:01:52.869641+05:30] [DEBUG] GET /api/metrics -> clients=0 global=0 statuses=0 phase=n/a
[2026-09-30T07:01:53.866553+05:30] [DEBUG] GET /api/run-state -> running=False phase=done clean_exit=0 poisoned_exit=0
[2026-09-30T07:01:55.871776+05:30] [DEBUG] GET /api/comparison -> clean_clients=50 poisoned_clients=50
[2026-09-30T07:01:57.874350+05:30] [DEBUG] GET /api/metrics -> clients=0 global=0 statuses=0 phase=n/a
[2026-09-30T07:01:58.879391+05:30] [DEBUG] GET /api/run-state -> running=False phase=done clean_exit=0 poisoned_exit=0
[2026-09-30T07:02:00.874515+05:30] [DEBUG] GET /api/comparison -> clean_clients=50 poisoned_clients=50
[2026-09-30T07:02:02.873555+05:30] [DEBUG] GET /api/metrics -> clients=0 global=0 statuses=0 phase=n/a
[2026-09-30T07:02:03.873325+05:30] [DEBUG] GET /api/run-state -> running=False phase=done clean_exit=0 poisoned_exit=0
[2026-09-30T07:02:05.869990+05:30] [DEBUG] GET /api/comparison -> clean_clients=50 poisoned_clients=50
[2026-09-30T07:02:08.881731+05:30] [DEBUG] GET /api/run-state -> running=False phase=done clean_exit=0 poisoned_exit=0
[2026-09-30T07:02:08.883248+05:30] [DEBUG] GET /api/metrics -> clients=0 global=0 statuses=0 phase=n/a
[2026-09-30T07:02:10.874118+05:30] [DEBUG] GET /api/comparison -> clean_clients=50 poisoned_clients=50
[2026-09-30T07:02:14.869500+05:30] [DEBUG] GET /api/run-state -> running=False phase=done clean_exit=0 poisoned_exit=0
[2026-09-30T07:02:14.869500+05:30] [DEBUG] GET /api/metrics -> clients=0 global=0 statuses=0 phase=n/a
[2026-09-30T07:02:15.878707+05:30] [DEBUG] GET /api/comparison -> clean_clients=50 poisoned_clients=50
[2026-09-30T07:02:20.257999+05:30] [DEBUG] GET /api/metrics -> clients=0 global=0 statuses=0 phase=n/a
[2026-09-30T07:02:20.259572+05:30] [DEBUG] GET /api/run-state -> running=False phase=done clean_exit=0 poisoned_exit=0
[2026-09-30T07:02:21.249123+05:30] [DEBUG] GET /api/comparison -> clean_clients=50 poisoned_clients=50
[2026-09-30T07:02:25.256041+05:30] [DEBUG] GET /api/run-state -> running=False phase=done clean_exit=0 poisoned_exit=0
[2026-09-30T07:02:25.256041+05:30] [DEBUG] GET /api/metrics -> clients=0 global=0 statuses=0 phase=n/a
[2026-09-30T07:02:26.257322+05:30] [DEBUG] GET /api/comparison -> clean_clients=50 poisoned_clients=50
[2026-09-30T07:02:31.256971+05:30] [DEBUG] GET /api/run-state -> running=False phase=done clean_exit=0 poisoned_exit=0
[2026-09-30T07:02:31.256971+05:30] [DEBUG] GET /api/metrics -> clients=0 global=0 statuses=0 phase=n/a
[2026-09-30T07:02:31.258485+05:30] [DEBUG] GET /api/comparison -> clean_clients=50 poisoned_clients=50
[2026-09-30T07:02:36.887419+05:30] [DEBUG] GET /api/run-state -> running=False phase=done clean_exit=0 poisoned_exit=0
[2026-09-30T07:02:36.888933+05:30] [DEBUG] GET /api/metrics -> clients=0 global=0 statuses=0 phase=n/a
[2026-09-30T07:02:36.890450+05:30] [DEBUG] GET /api/comparison -> clean_clients=50 poisoned_clients=50
[2026-09-30T07:02:42.268799+05:30] [DEBUG] GET /api/metrics -> clients=0 global=0 statuses=0 phase=n/a
[2026-09-30T07:02:42.294477+05:30] [DEBUG] GET /api/run-state -> running=False phase=done clean_exit=0 poisoned_exit=0
[2026-09-30T07:02:42.297548+05:30] [DEBUG] GET /api/comparison -> clean_clients=50 poisoned_clients=50
[2026-09-30T07:02:48.255332+05:30] [DEBUG] GET /api/run-state -> running=False phase=done clean_exit=0 poisoned_exit=0
[2026-09-30T07:02:48.255332+05:30] [DEBUG] GET /api/metrics -> clients=0 global=0 statuses=0 phase=n/a
[2026-09-30T07:02:48.258358+05:30] [DEBUG] GET /api/comparison -> clean_clients=50 poisoned_clients=50
[2026-09-30T07:02:53.242529+05:30] [DEBUG] GET /api/run-state -> running=False phase=done clean_exit=0 poisoned_exit=0
[2026-09-30T07:02:53.242529+05:30] [DEBUG] GET /api/metrics -> clients=0 global=0 statuses=0 phase=n/a
[2026-09-30T07:02:54.360964+05:30] [DEBUG] GET /api/comparison -> clean_clients=50 poisoned_clients=50
[2026-09-30T07:02:58.865959+05:30] [DEBUG] GET /api/run-state -> running=False phase=done clean_exit=0 poisoned_exit=0
[2026-09-30T07:02:58.865959+05:30] [DEBUG] GET /api/metrics -> clients=0 global=0 statuses=0 phase=n/a
[2026-09-30T07:02:59.877055+05:30] [DEBUG] GET /api/comparison -> clean_clients=50 poisoned_clients=50
[2026-09-30T07:03:03.866087+05:30] [DEBUG] GET /api/run-state -> running=False phase=done clean_exit=0 poisoned_exit=0
[2026-09-30T07:03:03.866087+05:30] [DEBUG] GET /api/metrics -> clients=0 global=0 statuses=0 phase=n/a
[2026-09-30T07:03:04.871482+05:30] [DEBUG] GET /api/comparison -> clean_clients=50 poisoned_clients=50
[2026-09-30T07:03:08.870326+05:30] [DEBUG] GET /api/metrics -> clients=0 global=0 statuses=0 phase=n/a
[2026-09-30T07:03:08.871839+05:30] [DEBUG] GET /api/run-state -> running=False phase=done clean_exit=0 poisoned_exit=0
[2026-09-30T07:03:09.879161+05:30] [DEBUG] GET /api/comparison -> clean_clients=50 poisoned_clients=50
[2026-09-30T07:03:13.867608+05:30] [DEBUG] GET /api/run-state -> running=False phase=done clean_exit=0 poisoned_exit=0
[2026-09-30T07:03:13.867608+05:30] [DEBUG] GET /api/metrics -> clients=0 global=0 statuses=0 phase=n/a
[2026-09-30T07:03:14.872007+05:30] [DEBUG] GET /api/comparison -> clean_clients=50 poisoned_clients=50
[2026-09-30T07:03:18.868581+05:30] [DEBUG] GET /api/run-state -> running=False phase=done clean_exit=0 poisoned_exit=0
[2026-09-30T07:03:18.868581+05:30] [DEBUG] GET /api/metrics -> clients=0 global=0 statuses=0 phase=n/a
[2026-09-30T07:03:19.874394+05:30] [DEBUG] GET /api/comparison -> clean_clients=50 poisoned_clients=50
[2026-09-30T07:03:24.874438+05:30] [DEBUG] GET /api/run-state -> running=False phase=done clean_exit=0 poisoned_exit=0
[2026-09-30T07:03:24.875950+05:30] [DEBUG] GET /api/metrics -> clients=0 global=0 statuses=0 phase=n/a
[2026-09-30T07:03:24.877465+05:30] [DEBUG] GET /api/comparison -> clean_clients=50 poisoned_clients=50
[2026-09-30T07:03:29.870988+05:30] [DEBUG] GET /api/run-state -> running=False phase=done clean_exit=0 poisoned_exit=0
[2026-09-30T07:03:29.870988+05:30] [DEBUG] GET /api/metrics -> clients=0 global=0 statuses=0 phase=n/a
[2026-09-30T07:03:29.874126+05:30] [DEBUG] GET /api/comparison -> clean_clients=50 poisoned_clients=50
[2026-09-30T07:03:34.872370+05:30] [DEBUG] GET /api/run-state -> running=False phase=done clean_exit=0 poisoned_exit=0
[2026-09-30T07:03:34.872370+05:30] [DEBUG] GET /api/metrics -> clients=0 global=0 statuses=0 phase=n/a
[2026-09-30T07:03:34.873884+05:30] [DEBUG] GET /api/comparison -> clean_clients=50 poisoned_clients=50
[2026-09-30T07:03:39.865529+05:30] [DEBUG] GET /api/metrics -> clients=0 global=0 statuses=0 phase=n/a
oisoned_exit=0
[2026-09-30T07:03:39.868779+05:30] [DEBUG] GET /api/comparison -> clean_clients=50 poisoned_clients=50
[2026-09-30T07:03:44.877028+05:30] [DEBUG] GET /api/run-state -> running=False phase=done clean_exit=0 poisoned_exit=0
[2026-09-30T07:03:44.878544+05:30] [DEBUG] GET /api/metrics -> clients=0 global=0 statuses=0 phase=n/a
[2026-09-30T07:03:44.880060+05:30] [DEBUG] GET /api/comparison -> clean_clients=50 poisoned_clients=50
[2026-09-30T07:03:49.867123+05:30] [DEBUG] GET /api/run-state -> running=False phase=done clean_exit=0 poisoned_exit=0
[2026-09-30T07:03:49.867123+05:30] [DEBUG] GET /api/metrics -> clients=0 global=0 statuses=0 phase=n/a
[2026-09-30T07:03:49.868636+05:30] [DEBUG] GET /api/comparison -> clean_clients=50 poisoned_clients=50
[2026-09-30T07:03:55.254283+05:30] [DEBUG] GET /api/run-state -> running=False phase=done clean_exit=0 poisoned_exit=0
[2026-09-30T07:03:55.254283+05:30] [DEBUG] GET /api/metrics -> clients=0 global=0 statuses=0 phase=n/a
[2026-09-30T07:03:55.255797+05:30] [DEBUG] GET /api/comparison -> clean_clients=50 poisoned_clients=50
[2026-09-30T07:04:00.241807+05:30] [DEBUG] GET /api/run-state -> running=False phase=done clean_exit=0 poisoned_exit=0
[2026-09-30T07:04:00.241807+05:30] [DEBUG] GET /api/metrics -> clients=0 global=0 statuses=0 phase=n/a
[2026-09-30T07:04:01.257176+05:30] [DEBUG] GET /api/comparison -> clean_clients=50 poisoned_clients=50
[2026-09-30T07:04:05.253163+05:30] [DEBUG] GET /api/metrics -> clients=0 global=0 statuses=0 phase=n/a
[2026-09-30T07:04:05.292699+05:30] [DEBUG] GET /api/run-state -> running=False phase=done clean_exit=0 poisoned_exit=0
[2026-09-30T07:04:06.296290+05:30] [DEBUG] GET /api/comparison -> clean_clients=50 poisoned_clients=50
[2026-09-30T07:04:10.249481+05:30] [DEBUG] GET /api/metrics -> clients=0 global=0 statuses=0 phase=n/a
[2026-09-30T07:04:11.254792+05:30] [DEBUG] GET /api/run-state -> running=False phase=done clean_exit=0 poisoned_exit=0
[2026-09-30T07:04:12.247500+05:30] [DEBUG] GET /api/comparison -> clean_clients=50 poisoned_clients=50
[2026-09-30T07:04:15.868223+05:30] [DEBUG] GET /api/metrics -> clients=0 global=0 statuses=0 phase=n/a
[2026-09-30T07:04:16.874074+05:30] [DEBUG] GET /api/run-state -> running=False phase=done clean_exit=0 poisoned_exit=0
[2026-09-30T07:04:17.874213+05:30] [DEBUG] GET /api/comparison -> clean_clients=50 poisoned_clients=50
[2026-09-30T07:04:20.878736+05:30] [DEBUG] GET /api/metrics -> clients=0 global=0 statuses=0 phase=n/a
[2026-09-30T07:04:21.865523+05:30] [DEBUG] GET /api/run-state -> running=False phase=done clean_exit=0 poisoned_exit=0
[2026-09-30T07:04:22.869280+05:30] [DEBUG] GET /api/comparison -> clean_clients=50 poisoned_clients=50
[2026-09-30T07:04:25.865758+05:30] [DEBUG] GET /api/metrics -> clients=0 global=0 statuses=0 phase=n/a
[2026-09-30T07:04:26.887968+05:30] [DEBUG] GET /api/run-state -> running=False phase=done clean_exit=0 poisoned_exit=0
[2026-09-30T07:04:27.869443+05:30] [DEBUG] GET /api/comparison -> clean_clients=50 poisoned_clients=50
[2026-09-30T07:04:30.877976+05:30] [DEBUG] GET /api/metrics -> clients=0 global=0 statuses=0 phase=n/a
[2026-09-30T07:04:32.868594+05:30] [DEBUG] GET /api/run-state -> running=False phase=done clean_exit=0 poisoned_exit=0
[2026-09-30T07:04:32.871619+05:30] [DEBUG] GET /api/comparison -> clean_clients=50 poisoned_clients=50
[2026-09-30T07:04:35.865164+05:30] [DEBUG] GET /api/metrics -> clients=0 global=0 statuses=0 phase=n/a
[2026-09-30T07:04:37.866835+05:30] [DEBUG] GET /api/run-state -> running=False phase=done clean_exit=0 poisoned_exit=0
[2026-09-30T07:04:37.868343+05:30] [DEBUG] GET /api/comparison -> clean_clients=50 poisoned_clients=50
[2026-09-30T07:04:40.904612+05:30] [DEBUG] GET /api/metrics -> clients=0 global=0 statuses=0 phase=n/a
[2026-09-30T07:04:42.866390+05:30] [DEBUG] GET /api/run-state -> running=False phase=done clean_exit=0 poisoned_exit=0
[2026-09-30T07:04:42.869413+05:30] [DEBUG] GET /api/comparison -> clean_clients=50 poisoned_clients=50
[2026-09-30T07:04:46.877830+05:30] [DEBUG] GET /api/metrics -> clients=0 global=0 statuses=0 phase=n/a
[2026-09-30T07:04:47.870446+05:30] [DEBUG] GET /api/run-state -> running=False phase=done clean_exit=0 poisoned_exit=0
[2026-09-30T07:04:47.872486+05:30] [DEBUG] GET /api/comparison -> clean_clients=50 poisoned_clients=50
[2026-09-30T07:04:51.868327+05:30] [DEBUG] GET /api/metrics -> clients=0 global=0 statuses=0 phase=n/a
[2026-09-30T07:04:52.868314+05:30] [DEBUG] GET /api/run-state -> running=False phase=done clean_exit=0 poisoned_exit=0
[2026-09-30T07:04:52.871327+05:30] [DEBUG] GET /api/comparison -> clean_clients=50 poisoned_clients=50
[2026-09-30T07:04:56.876421+05:30] [DEBUG] GET /api/metrics -> clients=0 global=0 statuses=0 phase=n/a
[2026-09-30T07:04:57.876134+05:30] [DEBUG] GET /api/run-state -> running=False phase=done clean_exit=0 poisoned_exit=0
[2026-09-30T07:04:57.877643+05:30] [DEBUG] GET /api/comparison -> clean_clients=50 poisoned_clients=50
[2026-09-30T07:05:02.865949+05:30] [DEBUG] GET /api/run-state -> running=False phase=done clean_exit=0 poisoned_exit=0
[2026-09-30T07:05:02.867459+05:30] [DEBUG] GET /api/metrics -> clients=0 global=0 statuses=0 phase=n/a
[2026-09-30T07:05:02.868969+05:30] [DEBUG] GET /api/comparison -> clean_clients=50 poisoned_clients=50
[2026-09-30T07:05:07.866218+05:30] [DEBUG] GET /api/comparison -> clean_clients=50 poisoned_clients=50
[2026-09-30T07:05:08.878951+05:30] [DEBUG] GET /api/metrics -> clients=0 global=0 statuses=0 phase=n/a
[2026-09-30T07:05:08.878951+05:30] [DEBUG] GET /api/run-state -> running=False phase=done clean_exit=0 poisoned_exit=0
[2026-09-30T07:05:13.247850+05:30] [DEBUG] GET /api/comparison -> clean_clients=50 poisoned_clients=50
[2026-09-30T07:05:14.252447+05:30] [DEBUG] GET /api/run-state -> running=False phase=done clean_exit=0 poisoned_exit=0
[2026-09-30T07:05:14.252447+05:30] [DEBUG] GET /api/metrics -> clients=0 global=0 statuses=0 phase=n/a
[2026-09-30T07:05:18.251415+05:30] [DEBUG] GET /api/comparison -> clean_clients=50 poisoned_clients=50
[2026-09-30T07:05:19.240580+05:30] [DEBUG] GET /api/run-state -> running=False phase=done clean_exit=0 poisoned_exit=0
[2026-09-30T07:05:19.240580+05:30] [DEBUG] GET /api/metrics -> clients=0 global=0 statuses=0 phase=n/a
[2026-09-30T07:05:23.247941+05:30] [DEBUG] GET /api/comparison -> clean_clients=50 poisoned_clients=50
[2026-09-30T07:05:24.255760+05:30] [DEBUG] GET /api/run-state -> running=False phase=done clean_exit=0 poisoned_exit=0
[2026-09-30T07:05:24.257274+05:30] [DEBUG] GET /api/metrics -> clients=0 global=0 statuses=0 phase=n/a
[2026-09-30T07:05:28.254198+05:30] [DEBUG] GET /api/comparison -> clean_clients=50 poisoned_clients=50
[2026-09-30T07:05:30.248429+05:30] [DEBUG] GET /api/run-state -> running=False phase=done clean_exit=0 poisoned_exit=0
[2026-09-30T07:05:30.249944+05:30] [DEBUG] GET /api/metrics -> clients=0 global=0 statuses=0 phase=n/a
[2026-09-30T07:05:33.258742+05:30] [DEBUG] GET /api/comparison -> clean_clients=50 poisoned_clients=50
[2026-09-30T07:05:35.250317+05:30] [DEBUG] GET /api/run-state -> running=False phase=done clean_exit=0 poisoned_exit=0
[2026-09-30T07:05:35.251830+05:30] [DEBUG] GET /api/metrics -> clients=0 global=0 statuses=0 phase=n/a
[2026-09-30T07:05:39.243503+05:30] [DEBUG] GET /api/comparison -> clean_clients=50 poisoned_clients=50
[2026-09-30T07:05:40.244802+05:30] [DEBUG] GET /api/run-state -> running=False phase=done clean_exit=0 poisoned_exit=0
[2026-09-30T07:05:40.244802+05:30] [DEBUG] GET /api/metrics -> clients=0 global=0 statuses=0 phase=n/a
[2026-09-30T07:05:44.257103+05:30] [DEBUG] GET /api/comparison -> clean_clients=50 poisoned_clients=50
[2026-09-30T07:05:45.243122+05:30] [DEBUG] GET /api/run-state -> running=False phase=done clean_exit=0 poisoned_exit=0
[2026-09-30T07:05:45.244634+05:30] [DEBUG] GET /api/metrics -> clients=0 global=0 statuses=0 phase=n/a
[2026-09-30T07:05:50.242669+05:30] [DEBUG] GET /api/run-state -> running=False phase=done clean_exit=0 poisoned_exit=0
[2026-09-30T07:05:50.242669+05:30] [DEBUG] GET /api/metrics -> clients=0 global=0 statuses=0 phase=n/a
[2026-09-30T07:05:50.244182+05:30] [DEBUG] GET /api/comparison -> clean_clients=50 poisoned_clients=50
[2026-09-30T07:05:55.242325+05:30] [DEBUG] GET /api/run-state -> running=False phase=done clean_exit=0 poisoned_exit=0
[2026-09-30T07:05:55.242325+05:30] [DEBUG] GET /api/metrics -> clients=0 global=0 statuses=0 phase=n/a
[2026-09-30T07:05:55.243839+05:30] [DEBUG] GET /api/comparison -> clean_clients=50 poisoned_clients=50
[2026-09-30T07:06:00.243361+05:30] [DEBUG] GET /api/metrics -> clients=0 global=0 statuses=0 phase=n/a
oisoned_exit=0
[2026-09-30T07:06:00.244871+05:30] [DEBUG] GET /api/comparison -> clean_clients=50 poisoned_clients=50
[2026-09-30T07:06:05.242307+05:30] [DEBUG] GET /api/run-state -> running=False phase=done clean_exit=0 poisoned_exit=0
[2026-09-30T07:06:05.242307+05:30] [DEBUG] GET /api/metrics -> clients=0 global=0 statuses=0 phase=n/a
[2026-09-30T07:06:05.243818+05:30] [DEBUG] GET /api/comparison -> clean_clients=50 poisoned_clients=50
[2026-09-30T07:07:08.268343+05:30] [DEBUG] GET /api/metrics -> clients=0 global=0 statuses=0 phase=n/a
[2026-09-30T07:07:08.271368+05:30] [DEBUG] GET /api/run-state -> running=False phase=done clean_exit=0 poisoned_exit=0
[2026-09-30T07:07:08.272879+05:30] [DEBUG] GET /api/comparison -> clean_clients=50 poisoned_clients=50
[2026-09-30T07:08:08.262984+05:30] [DEBUG] GET /api/metrics -> clients=0 global=0 statuses=0 phase=n/a
[2026-09-30T07:08:08.266009+05:30] [DEBUG] GET /api/run-state -> running=False phase=done clean_exit=0 poisoned_exit=0
[2026-09-30T07:08:08.267526+05:30] [DEBUG] GET /api/comparison -> clean_clients=50 poisoned_clients=50
[2026-09-30T07:09:08.296277+05:30] [DEBUG] GET /api/metrics -> clients=0 global=0 statuses=0 phase=n/a
[2026-09-30T07:09:08.296277+05:30] [DEBUG] GET /api/run-state -> running=False phase=done clean_exit=0 poisoned_exit=0
[2026-09-30T07:09:08.299315+05:30] [DEBUG] GET /api/comparison -> clean_clients=50 poisoned_clients=50
[2026-09-30T07:10:08.287198+05:30] [DEBUG] GET /api/metrics -> clients=0 global=0 statuses=0 phase=n/a
[2026-09-30T07:10:08.291738+05:30] [DEBUG] GET /api/run-state -> running=False phase=done clean_exit=0 poisoned_exit=0
[2026-09-30T07:10:08.293249+05:30] [DEBUG] GET /api/comparison -> clean_clients=50 poisoned_clients=50
[2026-09-30T07:11:08.293123+05:30] [DEBUG] GET /api/metrics -> clients=0 global=0 statuses=0 phase=n/a
[2026-09-30T07:11:08.299246+05:30] [DEBUG] GET /api/comparison -> clean_clients=50 poisoned_clients=50
[2026-09-30T07:11:08.300765+05:30] [DEBUG] GET /api/run-state -> running=False phase=done clean_exit=0 poisoned_exit=0
[2026-09-30T07:12:08.263255+05:30] [DEBUG] GET /api/metrics -> clients=0 global=0 statuses=0 phase=n/a
[2026-09-30T07:12:08.264764+05:30] [DEBUG] GET /api/run-state -> running=False phase=done clean_exit=0 poisoned_exit=0
[2026-09-30T07:12:08.266319+05:30] [DEBUG] GET /api/comparison -> clean_clients=50 poisoned_clients=50
[2026-09-30T07:13:08.266361+05:30] [DEBUG] GET /api/metrics -> clients=0 global=0 statuses=0 phase=n/a
[2026-09-30T07:13:08.268009+05:30] [DEBUG] GET /api/run-state -> running=False phase=done clean_exit=0 poisoned_exit=0
[2026-09-30T07:13:08.269338+05:30] [DEBUG] GET /api/comparison -> clean_clients=50 poisoned_clients=50
[2026-09-30T07:14:08.266582+05:30] [DEBUG] GET /api/metrics -> clients=0 global=0 statuses=0 phase=n/a
[2026-09-30T07:14:08.268096+05:30] [DEBUG] GET /api/run-state -> running=False phase=done clean_exit=0 poisoned_exit=0
[2026-09-30T07:14:08.269131+05:30] [DEBUG] GET /api/comparison -> clean_clients=50 poisoned_clients=50
[2026-09-30T07:15:08.265014+05:30] [DEBUG] GET /api/run-state -> running=False phase=done clean_exit=0 poisoned_exit=0
[2026-09-30T07:15:08.265014+05:30] [DEBUG] GET /api/metrics -> clients=0 global=0 statuses=0 phase=n/a
[2026-09-30T07:15:08.268033+05:30] [DEBUG] GET /api/comparison -> clean_clients=50 poisoned_clients=50
[2026-09-30T07:16:08.262798+05:30] [DEBUG] GET /api/metrics -> clients=0 global=0 statuses=0 phase=n/a
[2026-09-30T07:16:08.264350+05:30] [DEBUG] GET /api/run-state -> running=False phase=done clean_exit=0 poisoned_exit=0
[2026-09-30T07:16:08.265862+05:30] [DEBUG] GET /api/comparison -> clean_clients=50 poisoned_clients=50
[2026-09-30T07:17:08.253584+05:30] [DEBUG] GET /api/run-state -> running=False phase=done clean_exit=0 poisoned_exit=0
[2026-09-30T07:17:08.253584+05:30] [DEBUG] GET /api/metrics -> clients=0 global=0 statuses=0 phase=n/a
[2026-09-30T07:17:08.255139+05:30] [DEBUG] GET /api/comparison -> clean_clients=50 poisoned_clients=50
[2026-09-30T07:18:08.255045+05:30] [DEBUG] GET /api/metrics -> clients=0 global=0 statuses=0 phase=n/a
[2026-09-30T07:18:08.256617+05:30] [DEBUG] GET /api/run-state -> running=False phase=done clean_exit=0 poisoned_exit=0
[2026-09-30T07:18:08.258128+05:30] [DEBUG] GET /api/comparison -> clean_clients=50 poisoned_clients=50
[2026-09-30T07:19:08.264290+05:30] [DEBUG] GET /api/metrics -> clients=0 global=0 statuses=0 phase=n/a
[2026-09-30T07:19:08.265802+05:30] [DEBUG] GET /api/run-state -> running=False phase=done clean_exit=0 poisoned_exit=0
[2026-09-30T07:19:08.267319+05:30] [DEBUG] GET /api/comparison -> clean_clients=50 poisoned_clients=50
[2026-09-30T07:20:08.269336+05:30] [DEBUG] GET /api/metrics -> clients=0 global=0 statuses=0 phase=n/a
[2026-09-30T07:20:08.272366+05:30] [DEBUG] GET /api/run-state -> running=False phase=done clean_exit=0 poisoned_exit=0
[2026-09-30T07:20:08.274906+05:30] [DEBUG] GET /api/comparison -> clean_clients=50 poisoned_clients=50
[2026-09-30T07:21:08.260183+05:30] [DEBUG] GET /api/metrics -> clients=0 global=0 statuses=0 phase=n/a
[2026-09-30T07:21:08.263311+05:30] [DEBUG] GET /api/run-state -> running=False phase=done clean_exit=0 poisoned_exit=0
[2026-09-30T07:21:08.263311+05:30] [DEBUG] GET /api/comparison -> clean_clients=50 poisoned_clients=50
[2026-09-30T07:22:08.256762+05:30] [DEBUG] GET /api/metrics -> clients=0 global=0 statuses=0 phase=n/a
[2026-09-30T07:22:08.258275+05:30] [DEBUG] GET /api/run-state -> running=False phase=done clean_exit=0 poisoned_exit=0
[2026-09-30T07:22:08.261301+05:30] [DEBUG] GET /api/comparison -> clean_clients=50 poisoned_clients=50
[2026-09-30T07:23:08.255678+05:30] [DEBUG] GET /api/run-state -> running=False phase=done clean_exit=0 poisoned_exit=0
[2026-09-30T07:23:08.255678+05:30] [DEBUG] GET /api/metrics -> clients=0 global=0 statuses=0 phase=n/a
[2026-09-30T07:23:08.257195+05:30] [DEBUG] GET /api/comparison -> clean_clients=50 poisoned_clients=50
[2026-09-30T07:24:08.259107+05:30] [DEBUG] GET /api/metrics -> clients=0 global=0 statuses=0 phase=n/a
[2026-09-30T07:24:08.259107+05:30] [DEBUG] GET /api/run-state -> running=False phase=done clean_exit=0 poisoned_exit=0
[2026-09-30T07:24:08.262141+05:30] [DEBUG] GET /api/comparison -> clean_clients=50 poisoned_clients=50
[2026-09-30T07:25:08.287285+05:30] [DEBUG] GET /api/metrics -> clients=0 global=0 statuses=0 phase=n/a
[2026-09-30T07:25:08.321307+05:30] [DEBUG] GET /api/run-state -> running=False phase=done clean_exit=0 poisoned_exit=0
[2026-09-30T07:25:08.324330+05:30] [DEBUG] GET /api/comparison -> clean_clients=50 poisoned_clients=50
[2026-09-30T07:26:08.268114+05:30] [DEBUG] GET /api/run-state -> running=False phase=done clean_exit=0 poisoned_exit=0
[2026-09-30T07:26:08.268114+05:30] [DEBUG] GET /api/metrics -> clients=0 global=0 statuses=0 phase=n/a
[2026-09-30T07:26:08.269630+05:30] [DEBUG] GET /api/comparison -> clean_clients=50 poisoned_clients=50
[2026-09-30T07:27:08.314885+05:30] [DEBUG] GET /api/metrics -> clients=0 global=0 statuses=0 phase=n/a
[2026-09-30T07:27:08.365900+05:30] [DEBUG] GET /api/comparison -> clean_clients=50 poisoned_clients=50
[2026-09-30T07:27:08.442197+05:30] [DEBUG] GET /api/run-state -> running=False phase=done clean_exit=0 poisoned_exit=0
[2026-09-30T07:28:08.265084+05:30] [DEBUG] GET /api/metrics -> clients=0 global=0 statuses=0 phase=n/a
[2026-09-30T07:28:08.268114+05:30] [DEBUG] GET /api/run-state -> running=False phase=done clean_exit=0 poisoned_exit=0
[2026-09-30T07:28:08.268114+05:30] [DEBUG] GET /api/comparison -> clean_clients=50 poisoned_clients=50
[2026-09-30T07:29:08.264130+05:30] [DEBUG] GET /api/metrics -> clients=0 global=0 statuses=0 phase=n/a
[2026-09-30T07:29:08.267158+05:30] [DEBUG] GET /api/run-state -> running=False phase=done clean_exit=0 poisoned_exit=0
[2026-09-30T07:29:08.267158+05:30] [DEBUG] GET /api/comparison -> clean_clients=50 poisoned_clients=50
[2026-09-30T07:30:08.259998+05:30] [DEBUG] GET /api/metrics -> clients=0 global=0 statuses=0 phase=n/a
[2026-09-30T07:30:08.263030+05:30] [DEBUG] GET /api/comparison -> clean_clients=50 poisoned_clients=50
[2026-09-30T07:30:08.264541+05:30] [DEBUG] GET /api/run-state -> running=False phase=done clean_exit=0 poisoned_exit=0
[2026-09-30T07:31:08.266021+05:30] [DEBUG] GET /api/metrics -> clients=0 global=0 statuses=0 phase=n/a
[2026-09-30T07:31:08.270125+05:30] [DEBUG] GET /api/comparison -> clean_clients=50 poisoned_clients=50
[2026-09-30T07:31:08.270125+05:30] [DEBUG] GET /api/run-state -> running=False phase=done clean_exit=0 poisoned_exit=0
[2026-09-30T07:32:08.261866+05:30] [DEBUG] GET /api/metrics -> clients=0 global=0 statuses=0 phase=n/a
[2026-09-30T07:32:08.267958+05:30] [DEBUG] GET /api/comparison -> clean_clients=50 poisoned_clients=50
[2026-09-30T07:32:08.269472+05:30] [DEBUG] GET /api/run-state -> running=False phase=done clean_exit=0 poisoned_exit=0
[2026-09-30T07:33:08.265281+05:30] [DEBUG] GET /api/metrics -> clients=0 global=0 statuses=0 phase=n/a
[2026-09-30T07:33:08.265281+05:30] [DEBUG] GET /api/run-state -> running=False phase=done clean_exit=0 poisoned_exit=0
[2026-09-30T07:33:08.268309+05:30] [DEBUG] GET /api/comparison -> clean_clients=50 poisoned_clients=50
[2026-09-30T07:34:08.259311+05:30] [DEBUG] GET /api/metrics -> clients=0 global=0 statuses=0 phase=n/a
[2026-09-30T07:34:08.262332+05:30] [DEBUG] GET /api/run-state -> running=False phase=done clean_exit=0 poisoned_exit=0
[2026-09-30T07:34:08.262332+05:30] [DEBUG] GET /api/comparison -> clean_clients=50 poisoned_clients=50
[2026-09-30T07:35:08.268627+05:30] [DEBUG] GET /api/metrics -> clients=0 global=0 statuses=0 phase=n/a
[2026-09-30T07:35:08.270150+05:30] [DEBUG] GET /api/run-state -> running=False phase=done clean_exit=0 poisoned_exit=0
[2026-09-30T07:35:08.271669+05:30] [DEBUG] GET /api/comparison -> clean_clients=50 poisoned_clients=50
[2026-09-30T07:36:08.253124+05:30] [DEBUG] GET /api/metrics -> clients=0 global=0 statuses=0 phase=n/a
[2026-09-30T07:36:08.256144+05:30] [DEBUG] GET /api/run-state -> running=False phase=done clean_exit=0 poisoned_exit=0
[2026-09-30T07:36:08.259169+05:30] [DEBUG] GET /api/comparison -> clean_clients=50 poisoned_clients=50
[2026-10-02T10:59:37.332682+05:30] [DEBUG] Reset transient live metrics (client fragments, status files, live CSVs, phase file).
[2026-10-02T10:59:37.446086+05:30] [INFO] Cleared transient live metrics at startup (--reset).
[2026-10-02T10:59:37.446086+05:30] [INFO] Starting dashboard server on http://127.0.0.1:8000/federation-process.html
[2026-10-02T10:59:39.271993+05:30] [DEBUG] GET /api/metrics -> clients=0 global=0 statuses=0 phase=n/a
[2026-10-02T10:59:39.276068+05:30] [DEBUG] GET /api/run-state -> running=False phase=idle clean_exit=None poisoned_exit=None
[2026-10-02T10:59:39.905843+05:30] [DEBUG] GET /api/comparison -> clean_clients=50 poisoned_clients=50
[2026-10-02T10:59:44.360537+05:30] [DEBUG] GET /api/metrics -> clients=0 global=0 statuses=0 phase=n/a
[2026-10-02T10:59:44.447546+05:30] [DEBUG] GET /api/run-state -> running=False phase=idle clean_exit=None poisoned_exit=None
[2026-10-02T10:59:45.279988+05:30] [DEBUG] GET /api/comparison -> clean_clients=50 poisoned_clients=50
[2026-10-02T10:59:49.371795+05:30] [DEBUG] GET /api/metrics -> clients=0 global=0 statuses=0 phase=n/a
[2026-10-02T10:59:50.283304+05:30] [DEBUG] GET /api/run-state -> running=False phase=idle clean_exit=None poisoned_exit=None
[2026-10-02T10:59:50.284818+05:30] [DEBUG] GET /api/comparison -> clean_clients=50 poisoned_clients=50
[2026-10-02T10:59:54.425045+05:30] [DEBUG] GET /api/metrics -> clients=0 global=0 statuses=0 phase=n/a
[2026-10-02T10:59:55.271493+05:30] [DEBUG] GET /api/run-state -> running=False phase=idle clean_exit=None poisoned_exit=None
[2026-10-02T10:59:55.275038+05:30] [DEBUG] GET /api/comparison -> clean_clients=50 poisoned_clients=50
[2026-10-02T11:00:00.306696+05:30] [DEBUG] GET /api/metrics -> clients=0 global=0 statuses=0 phase=n/a
[2026-10-02T11:00:00.315284+05:30] [DEBUG] GET /api/comparison -> clean_clients=50 poisoned_clients=50
[2026-10-02T11:00:00.320224+05:30] [DEBUG] GET /api/run-state -> running=False phase=idle clean_exit=None poisoned_exit=None
[2026-10-02T11:00:06.273907+05:30] [DEBUG] GET /api/run-state -> running=False phase=idle clean_exit=None poisoned_exit=None
[2026-10-02T11:00:06.275417+05:30] [DEBUG] GET /api/metrics -> clients=0 global=0 statuses=0 phase=n/a
[2026-10-02T11:00:06.275417+05:30] [DEBUG] GET /api/comparison -> clean_clients=50 poisoned_clients=50
[2026-10-02T11:00:12.296536+05:30] [DEBUG] GET /api/metrics -> clients=0 global=0 statuses=0 phase=n/a
[2026-10-02T11:00:12.347367+05:30] [DEBUG] GET /api/comparison -> clean_clients=50 poisoned_clients=50
[2026-10-02T11:00:12.461133+05:30] [DEBUG] GET /api/run-state -> running=False phase=idle clean_exit=None poisoned_exit=None
[2026-10-02T11:00:18.246709+05:30] [DEBUG] GET /api/run-state -> running=False phase=idle clean_exit=None poisoned_exit=None
[2026-10-02T11:00:18.246709+05:30] [DEBUG] GET /api/metrics -> clients=0 global=0 statuses=0 phase=n/a
[2026-10-02T11:00:18.248220+05:30] [DEBUG] GET /api/comparison -> clean_clients=50 poisoned_clients=50
[2026-10-02T11:00:24.247046+05:30] [DEBUG] GET /api/run-state -> running=False phase=idle clean_exit=None poisoned_exit=None
[2026-10-02T11:00:24.248054+05:30] [DEBUG] GET /api/metrics -> clients=0 global=0 statuses=0 phase=n/a
[2026-10-02T11:00:24.249585+05:30] [DEBUG] GET /api/comparison -> clean_clients=50 poisoned_clients=50
[2026-10-02T11:00:30.244129+05:30] [DEBUG] GET /api/metrics -> clients=0 global=0 statuses=0 phase=n/a
[2026-10-02T11:00:30.245645+05:30] [DEBUG] GET /api/run-state -> running=False phase=idle clean_exit=None poisoned_exit=None
[2026-10-02T11:00:30.247155+05:30] [DEBUG] GET /api/comparison -> clean_clients=50 poisoned_clients=50
[2026-10-02T11:00:36.148818+05:30] [DEBUG] GET /api/run-state -> running=False phase=idle clean_exit=None poisoned_exit=None
[2026-10-02T11:00:36.148818+05:30] [DEBUG] GET /api/metrics -> clients=0 global=0 statuses=0 phase=n/a
[2026-10-02T11:00:36.150895+05:30] [DEBUG] GET /api/comparison -> clean_clients=50 poisoned_clients=50
[2026-10-02T11:00:41.326966+05:30] [DEBUG] GET /api/metrics -> clients=0 global=0 statuses=0 phase=n/a
[2026-10-02T11:00:41.377562+05:30] [DEBUG] GET /api/comparison -> clean_clients=50 poisoned_clients=50
[2026-10-02T11:00:41.452477+05:30] [DEBUG] GET /api/run-state -> running=False phase=idle clean_exit=None poisoned_exit=None
[2026-10-02T11:00:47.252308+05:30] [DEBUG] GET /api/run-state -> running=False phase=idle clean_exit=None poisoned_exit=None
[2026-10-02T11:00:47.253820+05:30] [DEBUG] GET /api/metrics -> clients=0 global=0 statuses=0 phase=n/a
[2026-10-02T11:00:47.255578+05:30] [DEBUG] GET /api/comparison -> clean_clients=50 poisoned_clients=50
[2026-10-02T11:00:53.247282+05:30] [DEBUG] GET /api/metrics -> clients=0 global=0 statuses=0 phase=n/a
[2026-10-02T11:00:53.248791+05:30] [DEBUG] GET /api/run-state -> running=False phase=idle clean_exit=None poisoned_exit=None
[2026-10-02T11:00:53.250303+05:30] [DEBUG] GET /api/comparison -> clean_clients=50 poisoned_clients=50
[2026-10-02T11:00:59.253390+05:30] [DEBUG] GET /api/run-state -> running=False phase=idle clean_exit=None poisoned_exit=None
[2026-10-02T11:00:59.253390+05:30] [DEBUG] GET /api/metrics -> clients=0 global=0 statuses=0 phase=n/a
[2026-10-02T11:00:59.254901+05:30] [DEBUG] GET /api/comparison -> clean_clients=50 poisoned_clients=50
[2026-10-02T11:01:05.240758+05:30] [DEBUG] GET /api/run-state -> running=False phase=idle clean_exit=None poisoned_exit=None
[2026-10-02T11:01:05.240758+05:30] [DEBUG] GET /api/metrics -> clients=0 global=0 statuses=0 phase=n/a
[2026-10-02T11:01:05.243277+05:30] [DEBUG] GET /api/comparison -> clean_clients=50 poisoned_clients=50
[2026-10-02T11:01:11.244195+05:30] [DEBUG] GET /api/run-state -> running=False phase=idle clean_exit=None poisoned_exit=None
[2026-10-02T11:01:11.244195+05:30] [DEBUG] GET /api/metrics -> clients=0 global=0 statuses=0 phase=n/a
[2026-10-02T11:01:11.245706+05:30] [DEBUG] GET /api/comparison -> clean_clients=50 poisoned_clients=50
[2026-10-02T11:01:17.244085+05:30] [DEBUG] GET /api/run-state -> running=False phase=idle clean_exit=None poisoned_exit=None
[2026-10-02T11:01:17.245596+05:30] [DEBUG] GET /api/metrics -> clients=0 global=0 statuses=0 phase=n/a
[2026-10-02T11:01:17.247107+05:30] [DEBUG] GET /api/comparison -> clean_clients=50 poisoned_clients=50
[2026-10-02T11:01:23.246492+05:30] [DEBUG] GET /api/run-state -> running=False phase=idle clean_exit=None poisoned_exit=None
[2026-10-02T11:01:23.246492+05:30] [DEBUG] GET /api/metrics -> clients=0 global=0 statuses=0 phase=n/a
[2026-10-02T11:01:23.249514+05:30] [DEBUG] GET /api/comparison -> clean_clients=50 poisoned_clients=50
[2026-10-02T11:01:29.245397+05:30] [DEBUG] GET /api/run-state -> running=False phase=idle clean_exit=None poisoned_exit=None
[2026-10-02T11:01:29.246909+05:30] [DEBUG] GET /api/metrics -> clients=0 global=0 statuses=0 phase=n/a
[2026-10-02T11:01:29.248420+05:30] [DEBUG] GET /api/comparison -> clean_clients=50 poisoned_clients=50
[2026-10-02T11:01:35.245298+05:30] [DEBUG] GET /api/run-state -> running=False phase=idle clean_exit=None poisoned_exit=None
[2026-10-02T11:01:35.245298+05:30] [DEBUG] GET /api/metrics -> clients=0 global=0 statuses=0 phase=n/a
[2026-10-02T11:01:35.248329+05:30] [DEBUG] GET /api/comparison -> clean_clients=50 poisoned_clients=50
[2026-10-02T11:01:41.262368+05:30] [DEBUG] GET /api/metrics -> clients=0 global=0 statuses=0 phase=n/a
[2026-10-02T11:01:41.270430+05:30] [DEBUG] GET /api/run-state -> running=False phase=idle clean_exit=None poisoned_exit=None
[2026-10-02T11:01:41.270978+05:30] [DEBUG] GET /api/comparison -> clean_clients=50 poisoned_clients=50
[2026-10-02T11:02:41.263412+05:30] [DEBUG] GET /api/metrics -> clients=0 global=0 statuses=0 phase=n/a
[2026-10-02T11:02:41.267473+05:30] [DEBUG] GET /api/run-state -> running=False phase=idle clean_exit=None poisoned_exit=None
[2026-10-02T11:02:41.271104+05:30] [DEBUG] GET /api/comparison -> clean_clients=50 poisoned_clients=50
[2026-10-02T11:03:41.260926+05:30] [DEBUG] GET /api/run-state -> running=False phase=idle clean_exit=None poisoned_exit=None
[2026-10-02T11:03:41.260926+05:30] [DEBUG] GET /api/metrics -> clients=0 global=0 statuses=0 phase=n/a
[2026-10-02T11:03:41.262440+05:30] [DEBUG] GET /api/comparison -> clean_clients=50 poisoned_clients=50
[2026-10-02T11:04:39.688525+05:30] [DEBUG] GET /api/metrics -> clients=0 global=0 statuses=0 phase=n/a
[2026-10-02T11:04:39.697110+05:30] [DEBUG] GET /api/comparison -> clean_clients=50 poisoned_clients=50
[2026-10-02T11:04:39.710595+05:30] [DEBUG] GET /api/run-state -> running=False phase=idle clean_exit=None poisoned_exit=None
[2026-10-02T11:04:45.280352+05:30] [DEBUG] GET /api/run-state -> running=False phase=idle clean_exit=None poisoned_exit=None
[2026-10-02T11:04:45.280862+05:30] [DEBUG] GET /api/metrics -> clients=0 global=0 statuses=0 phase=n/a
[2026-10-02T11:04:45.282374+05:30] [DEBUG] GET /api/comparison -> clean_clients=50 poisoned_clients=50
[2026-10-02T11:04:46.982077+05:30] [DEBUG] POST /api/start-comparison payload={'num_server_rounds': 10, 'poison_mode': 'label_flip', 'poison_client_ids': '1,2,3', 'poison_rate_default': 0, 'poison_rate_map': '1:0.4000,2:0.6000,3:0.4000', 'poison_label_flip_offset': 1, 'poison_noise_std': 0.15}
[2026-10-02T11:04:46.983794+05:30] [DEBUG] POST /api/start-comparison result started=True
[2026-10-02T11:04:46.983794+05:30] [DEBUG] Loaded environment overrides from E:\FedSecureLab\.env (25 keys)
[2026-10-02T11:04:46.983794+05:30] [DEBUG] Comparison effective config: rounds=10 poison_mode=label_flip poison_client_ids=1,2,3 poison_rate_default=0 poison_rate_map=1:0.4000,2:0.6000,3:0.4000 label_flip_offset=1 noise_std=0.15
[2026-10-02T11:04:46.983794+05:30] [INFO] Comparison requested. Clean data will be saved before poisoned training begins.
[2026-10-02T11:04:46.985308+05:30] [DEBUG] Reset transient live metrics (client fragments, status files, live CSVs, phase file).
[2026-10-02T11:04:46.985308+05:30] [INFO] Starting clean experiment (10 rounds).
[2026-10-02T11:04:46.986820+05:30] [INFO] Using isolated Flower runtime: dashboard-clean-20261002-110446-985308
[2026-10-02T11:04:46.986820+05:30] [DEBUG] Prepared runtime env for clean: FLWR_HOME=E:\FedSecureLab\.flwr-runs\dashboard-clean-20261002-110446-985308 TMP=E:\FedSecureLab\.runtime-tmp SuperLink HTTP=54667 control=54668
[2026-10-02T11:04:46.986820+05:30] [DEBUG] Launching clean command: E:\FedSecureLab\.venv\Scripts\python.exe -m flwr.cli.app run E:\FedSecureLab --stream --federation-config num-supernodes=5 client-resources-num-cpus=1 client-resources-num-gpus=0 --run-config num-server-rounds=10 local-epochs=1 batch-size=32 learning-rate=0.001 seed=42 poison-mode="none" poison-label-flip-offset=1 poison-noise-std=0.15 poison-rate-default=0 poison-rate-map=""
[2026-10-02T11:04:50.279457+05:30] [DEBUG] GET /api/run-state -> running=True phase=clean clean_exit=None poisoned_exit=None
[2026-10-02T11:04:50.279973+05:30] [DEBUG] GET /api/metrics -> clients=0 global=0 statuses=0 phase=n/a
[2026-10-02T11:04:50.282115+05:30] [DEBUG] GET /api/comparison -> clean_clients=50 poisoned_clients=50
[2026-10-02T11:04:55.282538+05:30] [DEBUG] GET /api/metrics -> clients=0 global=0 statuses=0 phase=n/a
[2026-10-02T11:04:55.284053+05:30] [DEBUG] GET /api/run-state -> running=True phase=clean clean_exit=None poisoned_exit=None
[2026-10-02T11:04:55.285566+05:30] [DEBUG] GET /api/comparison -> clean_clients=50 poisoned_clients=50
[2026-10-02T11:05:00.279667+05:30] [DEBUG] GET /api/run-state -> running=True phase=clean clean_exit=None poisoned_exit=None
[2026-10-02T11:05:00.280675+05:30] [DEBUG] GET /api/metrics -> clients=0 global=0 statuses=0 phase=n/a
[2026-10-02T11:05:00.282218+05:30] [DEBUG] GET /api/comparison -> clean_clients=50 poisoned_clients=50
[2026-10-02T11:05:05.272234+05:30] [DEBUG] GET /api/comparison -> clean_clients=50 poisoned_clients=50
[2026-10-02T11:05:06.270652+05:30] [DEBUG] GET /api/run-state -> running=True phase=clean clean_exit=None poisoned_exit=None
[2026-10-02T11:05:06.270652+05:30] [DEBUG] GET /api/metrics -> clients=0 global=0 statuses=0 phase=n/a
[2026-10-02T11:05:11.252181+05:30] [DEBUG] GET /api/comparison -> clean_clients=50 poisoned_clients=50
[2026-10-02T11:05:13.251000+05:30] [DEBUG] GET /api/run-state -> running=True phase=clean clean_exit=None poisoned_exit=None
[2026-10-02T11:05:13.251000+05:30] [DEBUG] GET /api/metrics -> clients=0 global=0 statuses=0 phase=n/a
[2026-10-02T11:05:17.255276+05:30] [DEBUG] GET /api/comparison -> clean_clients=50 poisoned_clients=50
[2026-10-02T11:05:19.257870+05:30] [DEBUG] GET /api/run-state -> running=True phase=clean clean_exit=None poisoned_exit=None
[2026-10-02T11:05:19.257870+05:30] [DEBUG] GET /api/metrics -> clients=0 global=0 statuses=0 phase=n/a
[2026-10-02T11:05:23.253494+05:30] [DEBUG] GET /api/comparison -> clean_clients=50 poisoned_clients=50
[2026-10-02T11:05:25.250456+05:30] [DEBUG] GET /api/run-state -> running=True phase=clean clean_exit=None poisoned_exit=None
[2026-10-02T11:05:25.250973+05:30] [DEBUG] GET /api/metrics -> clients=0 global=0 statuses=0 phase=n/a
[2026-10-02T11:05:29.255081+05:30] [DEBUG] GET /api/comparison -> clean_clients=50 poisoned_clients=50
[2026-10-02T11:05:31.256454+05:30] [DEBUG] GET /api/run-state -> running=True phase=clean clean_exit=None poisoned_exit=None
[2026-10-02T11:05:31.257964+05:30] [DEBUG] GET /api/metrics -> clients=0 global=0 statuses=0 phase=n/a
[2026-10-02T11:05:35.245853+05:30] [DEBUG] GET /api/comparison -> clean_clients=50 poisoned_clients=50
[2026-10-02T11:05:37.243700+05:30] [DEBUG] GET /api/run-state -> running=True phase=clean clean_exit=None poisoned_exit=None
[2026-10-02T11:05:37.245210+05:30] [DEBUG] GET /api/metrics -> clients=0 global=0 statuses=0 phase=n/a
[2026-10-02T11:05:41.287275+05:30] [DEBUG] GET /api/comparison -> clean_clients=50 poisoned_clients=50
[2026-10-02T11:05:43.252449+05:30] [DEBUG] GET /api/metrics -> clients=0 global=0 statuses=0 phase=n/a
[2026-10-02T11:05:43.253960+05:30] [DEBUG] GET /api/run-state -> running=True phase=clean clean_exit=None poisoned_exit=None
[2026-10-02T11:05:47.278580+05:30] [DEBUG] GET /api/comparison -> clean_clients=50 poisoned_clients=50
[2026-10-02T11:05:48.266370+05:30] [DEBUG] GET /api/run-state -> running=True phase=clean clean_exit=None poisoned_exit=None
[2026-10-02T11:05:48.268021+05:30] [DEBUG] GET /api/metrics -> clients=0 global=0 statuses=0 phase=n/a
[2026-10-02T11:05:52.272530+05:30] [DEBUG] GET /api/comparison -> clean_clients=50 poisoned_clients=50
[2026-10-02T11:05:53.275468+05:30] [DEBUG] GET /api/run-state -> running=True phase=clean clean_exit=None poisoned_exit=None
[2026-10-02T11:05:53.275468+05:30] [DEBUG] GET /api/metrics -> clients=0 global=0 statuses=0 phase=n/a
[2026-10-02T11:05:57.272027+05:30] [DEBUG] GET /api/comparison -> clean_clients=50 poisoned_clients=50
[2026-10-02T11:05:58.271689+05:30] [DEBUG] GET /api/run-state -> running=True phase=clean clean_exit=None poisoned_exit=None
[2026-10-02T11:05:58.271689+05:30] [DEBUG] GET /api/metrics -> clients=0 global=0 statuses=0 phase=n/a
[2026-10-02T11:06:02.278652+05:30] [DEBUG] GET /api/comparison -> clean_clients=50 poisoned_clients=50
[2026-10-02T11:06:03.280446+05:30] [DEBUG] GET /api/run-state -> running=True phase=clean clean_exit=None poisoned_exit=None
[2026-10-02T11:06:03.280446+05:30] [DEBUG] GET /api/metrics -> clients=0 global=0 statuses=0 phase=n/a
[2026-10-02T11:06:07.285658+05:30] [DEBUG] GET /api/comparison -> clean_clients=50 poisoned_clients=50
[2026-10-02T11:06:08.273806+05:30] [DEBUG] GET /api/run-state -> running=True phase=clean clean_exit=None poisoned_exit=None
[2026-10-02T11:06:08.273806+05:30] [DEBUG] GET /api/metrics -> clients=0 global=0 statuses=0 phase=n/a
[2026-10-02T11:06:12.275506+05:30] [DEBUG] GET /api/comparison -> clean_clients=50 poisoned_clients=50
[2026-10-02T11:06:13.275561+05:30] [DEBUG] GET /api/run-state -> running=True phase=clean clean_exit=None poisoned_exit=None
[2026-10-02T11:06:13.275561+05:30] [DEBUG] GET /api/metrics -> clients=0 global=0 statuses=0 phase=n/a
[2026-10-02T11:06:18.270938+05:30] [DEBUG] GET /api/comparison -> clean_clients=50 poisoned_clients=50
[2026-10-02T11:06:19.269443+05:30] [DEBUG] GET /api/run-state -> running=True phase=clean clean_exit=None poisoned_exit=None
[2026-10-02T11:06:19.269443+05:30] [DEBUG] GET /api/metrics -> clients=0 global=0 statuses=0 phase=n/a
[2026-10-02T11:06:23.406557+05:30] [DEBUG] GET /api/comparison -> clean_clients=50 poisoned_clients=50
[2026-10-02T11:06:24.267561+05:30] [DEBUG] GET /api/run-state -> running=True phase=clean clean_exit=None poisoned_exit=None
[2026-10-02T11:06:24.267561+05:30] [DEBUG] GET /api/metrics -> clients=0 global=0 statuses=0 phase=n/a
[2026-10-02T11:06:29.275444+05:30] [DEBUG] GET /api/run-state -> running=True phase=clean clean_exit=None poisoned_exit=None
[2026-10-02T11:06:29.276956+05:30] [DEBUG] GET /api/metrics -> clients=0 global=0 statuses=0 phase=n/a
[2026-10-02T11:06:29.278469+05:30] [DEBUG] GET /api/comparison -> clean_clients=50 poisoned_clients=50
[2026-10-02T11:06:34.282707+05:30] [DEBUG] GET /api/run-state -> running=True phase=clean clean_exit=None poisoned_exit=None
[2026-10-02T11:06:34.282707+05:30] [DEBUG] GET /api/metrics -> clients=0 global=0 statuses=0 phase=n/a
[2026-10-02T11:06:34.285737+05:30] [DEBUG] GET /api/comparison -> clean_clients=50 poisoned_clients=50
[2026-10-02T11:06:40.568632+05:30] [DEBUG] GET /api/metrics -> clients=0 global=0 statuses=0 phase=n/a
[2026-10-02T11:06:40.651902+05:30] [DEBUG] GET /api/comparison -> clean_clients=50 poisoned_clients=50
[2026-10-02T11:06:40.681754+05:30] [DEBUG] GET /api/run-state -> running=True phase=clean clean_exit=None poisoned_exit=None
[2026-10-02T11:06:47.250896+05:30] [DEBUG] GET /api/run-state -> running=True phase=clean clean_exit=None poisoned_exit=None
[2026-10-02T11:06:47.251552+05:30] [DEBUG] GET /api/metrics -> clients=0 global=0 statuses=0 phase=n/a
[2026-10-02T11:06:47.253582+05:30] [DEBUG] GET /api/comparison -> clean_clients=50 poisoned_clients=50
[2026-10-02T11:06:53.244043+05:30] [DEBUG] GET /api/run-state -> running=True phase=clean clean_exit=None poisoned_exit=None
[2026-10-02T11:06:53.244043+05:30] [DEBUG] GET /api/metrics -> clients=0 global=0 statuses=0 phase=n/a
[2026-10-02T11:06:53.245561+05:30] [DEBUG] GET /api/comparison -> clean_clients=50 poisoned_clients=50
[2026-10-02T11:06:59.244370+05:30] [DEBUG] GET /api/run-state -> running=True phase=clean clean_exit=None poisoned_exit=None
[2026-10-02T11:06:59.244370+05:30] [DEBUG] GET /api/metrics -> clients=0 global=0 statuses=0 phase=n/a
[2026-10-02T11:06:59.247403+05:30] [DEBUG] GET /api/comparison -> clean_clients=50 poisoned_clients=50
[2026-10-02T11:07:05.250639+05:30] [DEBUG] GET /api/metrics -> clients=0 global=0 statuses=0 phase=n/a
[2026-10-02T11:07:05.250639+05:30] [DEBUG] GET /api/run-state -> running=True phase=clean clean_exit=None poisoned_exit=None
[2026-10-02T11:07:05.252371+05:30] [DEBUG] GET /api/comparison -> clean_clients=50 poisoned_clients=50
[2026-10-02T11:07:11.255489+05:30] [DEBUG] GET /api/metrics -> clients=0 global=0 statuses=0 phase=n/a
[2026-10-02T11:07:11.255489+05:30] [DEBUG] GET /api/run-state -> running=True phase=clean clean_exit=None poisoned_exit=None
[2026-10-02T11:07:11.257003+05:30] [DEBUG] GET /api/comparison -> clean_clients=50 poisoned_clients=50
[2026-10-02T11:07:17.242006+05:30] [DEBUG] GET /api/run-state -> running=True phase=clean clean_exit=None poisoned_exit=None
[2026-10-02T11:07:17.243517+05:30] [DEBUG] GET /api/metrics -> clients=0 global=0 statuses=0 phase=n/a
[2026-10-02T11:07:17.245031+05:30] [DEBUG] GET /api/comparison -> clean_clients=50 poisoned_clients=50
[2026-10-02T11:07:23.266042+05:30] [DEBUG] GET /api/run-state -> running=True phase=clean clean_exit=None poisoned_exit=None
[2026-10-02T11:07:23.266042+05:30] [DEBUG] GET /api/metrics -> clients=0 global=0 statuses=0 phase=n/a
[2026-10-02T11:07:23.269073+05:30] [DEBUG] GET /api/comparison -> clean_clients=50 poisoned_clients=50
[2026-10-02T11:07:29.256903+05:30] [DEBUG] GET /api/run-state -> running=True phase=clean clean_exit=None poisoned_exit=None
[2026-10-02T11:07:29.256903+05:30] [DEBUG] GET /api/metrics -> clients=0 global=0 statuses=0 phase=n/a
[2026-10-02T11:07:29.259424+05:30] [DEBUG] GET /api/comparison -> clean_clients=50 poisoned_clients=50
[2026-10-02T11:07:35.253778+05:30] [DEBUG] GET /api/metrics -> clients=0 global=0 statuses=0 phase=n/a
[2026-10-02T11:07:35.256811+05:30] [DEBUG] GET /api/run-state -> running=True phase=clean clean_exit=None poisoned_exit=None
[2026-10-02T11:07:35.258327+05:30] [DEBUG] GET /api/comparison -> clean_clients=50 poisoned_clients=50
[2026-10-02T11:07:41.290719+05:30] [DEBUG] GET /api/metrics -> clients=0 global=0 statuses=0 phase=n/a
[2026-10-02T11:07:41.295604+05:30] [DEBUG] GET /api/comparison -> clean_clients=50 poisoned_clients=50
[2026-10-02T11:07:41.298822+05:30] [DEBUG] GET /api/run-state -> running=True phase=clean clean_exit=None poisoned_exit=None
[2026-10-02T11:08:41.283716+05:30] [DEBUG] GET /api/metrics -> clients=0 global=0 statuses=0 phase=n/a
[2026-10-02T11:08:41.286783+05:30] [DEBUG] GET /api/run-state -> running=True phase=clean clean_exit=None poisoned_exit=None
[2026-10-02T11:08:41.289812+05:30] [DEBUG] GET /api/comparison -> clean_clients=50 poisoned_clients=50
[2026-10-02T11:09:41.271231+05:30] [DEBUG] GET /api/metrics -> clients=0 global=0 statuses=0 phase=n/a
[2026-10-02T11:09:41.275956+05:30] [DEBUG] GET /api/comparison -> clean_clients=50 poisoned_clients=50
[2026-10-02T11:09:41.279509+05:30] [DEBUG] GET /api/run-state -> running=True phase=clean clean_exit=None poisoned_exit=None
[2026-10-02T11:10:13.057550+05:30] [DEBUG] GET /api/run-state -> running=True phase=clean clean_exit=None poisoned_exit=None
[2026-10-02T11:10:13.057550+05:30] [DEBUG] GET /api/metrics -> clients=0 global=0 statuses=0 phase=n/a
[2026-10-02T11:10:13.060097+05:30] [DEBUG] GET /api/comparison -> clean_clients=50 poisoned_clients=50
[2026-10-02T11:10:21.058609+05:30] [DEBUG] Reset transient live metrics (client fragments, status files, live CSVs, phase file).
[2026-10-02T11:10:21.060627+05:30] [INFO] Cleared transient live metrics at startup (--reset).
[2026-10-02T11:10:21.060627+05:30] [INFO] Starting dashboard server on http://127.0.0.1:8000/federation-process.html
[2026-10-02T11:10:21.242314+05:30] [DEBUG] GET /api/run-state -> running=False phase=idle clean_exit=None poisoned_exit=None
[2026-10-02T11:10:21.243835+05:30] [DEBUG] GET /api/metrics -> clients=0 global=0 statuses=0 phase=n/a
[2026-10-02T11:10:21.245348+05:30] [DEBUG] GET /api/comparison -> clean_clients=50 poisoned_clients=50
[2026-10-02T11:10:27.208216+05:30] [DEBUG] GET /api/run-state -> running=False phase=idle clean_exit=None poisoned_exit=None
[2026-10-02T11:10:27.208216+05:30] [DEBUG] GET /api/metrics -> clients=0 global=0 statuses=0 phase=n/a
[2026-10-02T11:10:27.210790+05:30] [DEBUG] GET /api/comparison -> clean_clients=50 poisoned_clients=50
[2026-10-02T11:10:32.211053+05:30] [DEBUG] GET /api/run-state -> running=False phase=idle clean_exit=None poisoned_exit=None
[2026-10-02T11:10:32.211053+05:30] [DEBUG] GET /api/metrics -> clients=0 global=0 statuses=0 phase=n/a
[2026-10-02T11:10:32.212706+05:30] [DEBUG] GET /api/comparison -> clean_clients=50 poisoned_clients=50
[2026-10-02T11:10:32.832193+05:30] [DEBUG] POST /api/start-comparison payload={'num_server_rounds': 10, 'poison_mode': 'gaussian_noise', 'poison_client_ids': '1', 'poison_rate_default': 0, 'poison_rate_map': '1:1.0000', 'poison_label_flip_offset': 1, 'poison_noise_std': 0.15}
[2026-10-02T11:10:32.832193+05:30] [DEBUG] POST /api/start-comparison result started=True
[2026-10-02T11:10:32.832193+05:30] [DEBUG] Loaded environment overrides from E:\FedSecureLab\.env (25 keys)
[2026-10-02T11:10:32.833810+05:30] [DEBUG] Comparison effective config: rounds=10 poison_mode=gaussian_noise poison_client_ids=1 poison_rate_default=0 poison_rate_map=1:1.0000 label_flip_offset=1 noise_std=0.15
[2026-10-02T11:10:32.833810+05:30] [INFO] Comparison requested. Clean data will be saved before poisoned training begins.
[2026-10-02T11:10:32.834818+05:30] [DEBUG] Reset transient live metrics (client fragments, status files, live CSVs, phase file).
[2026-10-02T11:10:32.835323+05:30] [INFO] Starting clean experiment (10 rounds).
[2026-10-02T11:10:32.836329+05:30] [INFO] Using isolated Flower runtime: dashboard-clean-20261002-111032-835323
[2026-10-02T11:10:32.836329+05:30] [DEBUG] Prepared runtime env for clean: FLWR_HOME=E:\FedSecureLab\.flwr-runs\dashboard-clean-20261002-111032-835323 TMP=E:\FedSecureLab\.runtime-tmp SuperLink HTTP=53890 control=53891
[2026-10-02T11:10:32.836329+05:30] [DEBUG] Launching clean command: E:\FedSecureLab\.venv\Scripts\python.exe -m flwr.cli.app run E:\FedSecureLab --stream --federation-config num-supernodes=5 client-resources-num-cpus=1 client-resources-num-gpus=0 --run-config num-server-rounds=10 local-epochs=1 batch-size=32 learning-rate=0.001 seed=42 poison-mode="none" poison-label-flip-offset=1 poison-noise-std=0.15 poison-rate-default=0 poison-rate-map=""
[2026-10-02T11:10:37.210272+05:30] [DEBUG] GET /api/run-state -> running=True phase=clean clean_exit=None poisoned_exit=None
[2026-10-02T11:10:37.210272+05:30] [DEBUG] GET /api/metrics -> clients=0 global=0 statuses=0 phase=n/a
[2026-10-02T11:10:37.211878+05:30] [DEBUG] GET /api/comparison -> clean_clients=50 poisoned_clients=50
[2026-10-02T11:10:41.454979+05:30] [DEBUG] Reset transient live metrics (client fragments, status files, live CSVs, phase file).
[2026-10-02T11:10:41.454979+05:30] [INFO] Cleared transient live metrics at startup (--reset).
[2026-10-02T11:10:41.454979+05:30] [INFO] Starting dashboard server on http://127.0.0.1:8000/federation-process.html
[2026-10-02T11:10:42.304390+05:30] [DEBUG] GET /api/metrics -> clients=0 global=0 statuses=0 phase=n/a
[2026-10-02T11:10:42.355228+05:30] [DEBUG] GET /api/comparison -> clean_clients=50 poisoned_clients=50
[2026-10-02T11:10:42.440617+05:30] [DEBUG] GET /api/run-state -> running=False phase=idle clean_exit=None poisoned_exit=None
[2026-10-02T11:10:47.863298+05:30] [DEBUG] GET /api/run-state -> running=False phase=idle clean_exit=None poisoned_exit=None
[2026-10-02T11:10:47.863298+05:30] [DEBUG] GET /api/metrics -> clients=0 global=0 statuses=0 phase=n/a
[2026-10-02T11:10:47.865324+05:30] [DEBUG] GET /api/comparison -> clean_clients=50 poisoned_clients=50
[2026-10-02T11:10:52.857187+05:30] [DEBUG] GET /api/run-state -> running=False phase=idle clean_exit=None poisoned_exit=None
[2026-10-02T11:10:52.857187+05:30] [DEBUG] GET /api/metrics -> clients=0 global=0 statuses=0 phase=n/a
[2026-10-02T11:10:53.252531+05:30] [DEBUG] GET /api/comparison -> clean_clients=50 poisoned_clients=50
[2026-10-02T11:10:57.421056+05:30] [DEBUG] POST /api/start-comparison payload={'num_server_rounds': 5, 'poison_mode': 'gaussian_noise', 'poison_client_ids': '1', 'poison_rate_default': 0, 'poison_rate_map': '1:1.0000', 'poison_label_flip_offset': 1, 'poison_noise_std': 0.15}
[2026-10-02T11:10:57.421056+05:30] [DEBUG] POST /api/start-comparison result started=True
[2026-10-02T11:10:57.423448+05:30] [DEBUG] Loaded environment overrides from E:\FedSecureLab\.env (25 keys)
[2026-10-02T11:10:57.423448+05:30] [DEBUG] Comparison effective config: rounds=5 poison_mode=gaussian_noise poison_client_ids=1 poison_rate_default=0 poison_rate_map=1:1.0000 label_flip_offset=1 noise_std=0.15
[2026-10-02T11:10:57.423448+05:30] [INFO] Comparison requested. Clean data will be saved before poisoned training begins.
[2026-10-02T11:10:57.424969+05:30] [DEBUG] Reset transient live metrics (client fragments, status files, live CSVs, phase file).
[2026-10-02T11:10:57.424969+05:30] [INFO] Starting clean experiment (5 rounds).
[2026-10-02T11:10:57.426481+05:30] [INFO] Using isolated Flower runtime: dashboard-clean-20261002-111057-424969
[2026-10-02T11:10:57.426481+05:30] [DEBUG] Prepared runtime env for clean: FLWR_HOME=E:\FedSecureLab\.flwr-runs\dashboard-clean-20261002-111057-424969 TMP=E:\FedSecureLab\.runtime-tmp SuperLink HTTP=59430 control=59431
[2026-10-02T11:10:57.426481+05:30] [DEBUG] Launching clean command: E:\FedSecureLab\.venv\Scripts\python.exe -m flwr.cli.app run E:\FedSecureLab --stream --federation-config num-supernodes=5 client-resources-num-cpus=1 client-resources-num-gpus=0 --run-config num-server-rounds=5 local-epochs=1 batch-size=32 learning-rate=0.001 seed=42 poison-mode="none" poison-label-flip-offset=1 poison-noise-std=0.15 poison-rate-default=0 poison-rate-map=""
[2026-10-02T11:10:57.857995+05:30] [DEBUG] GET /api/metrics -> clients=0 global=0 statuses=0 phase=n/a
[2026-10-02T11:10:57.857995+05:30] [DEBUG] GET /api/run-state -> running=True phase=clean clean_exit=None poisoned_exit=None
[2026-10-02T11:10:58.866811+05:30] [DEBUG] GET /api/comparison -> clean_clients=50 poisoned_clients=50
[2026-10-02T11:11:02.867973+05:30] [DEBUG] GET /api/run-state -> running=True phase=clean clean_exit=None poisoned_exit=None
[2026-10-02T11:11:02.869488+05:30] [DEBUG] GET /api/metrics -> clients=0 global=0 statuses=0 phase=n/a
[2026-10-02T11:11:03.872480+05:30] [DEBUG] GET /api/comparison -> clean_clients=50 poisoned_clients=50
[2026-10-02T11:11:08.868273+05:30] [DEBUG] GET /api/run-state -> running=True phase=clean clean_exit=None poisoned_exit=None
[2026-10-02T11:11:08.868273+05:30] [DEBUG] GET /api/metrics -> clients=0 global=0 statuses=0 phase=n/a
[2026-10-02T11:11:08.870819+05:30] [DEBUG] GET /api/comparison -> clean_clients=50 poisoned_clients=50
[2026-10-02T11:11:14.863465+05:30] [DEBUG] GET /api/metrics -> clients=0 global=0 statuses=0 phase=n/a
[2026-10-02T11:11:14.863465+05:30] [DEBUG] GET /api/run-state -> running=True phase=clean clean_exit=None poisoned_exit=None
[2026-10-02T11:11:14.864989+05:30] [DEBUG] GET /api/comparison -> clean_clients=50 poisoned_clients=50
[2026-10-02T11:11:19.865975+05:30] [DEBUG] GET /api/run-state -> running=True phase=clean clean_exit=None poisoned_exit=None
[2026-10-02T11:11:19.865975+05:30] [DEBUG] GET /api/metrics -> clients=0 global=0 statuses=0 phase=n/a
[2026-10-02T11:11:19.869510+05:30] [DEBUG] GET /api/comparison -> clean_clients=50 poisoned_clients=50
[2026-10-02T11:11:25.858015+05:30] [DEBUG] GET /api/run-state -> running=True phase=clean clean_exit=None poisoned_exit=None
[2026-10-02T11:11:25.859531+05:30] [DEBUG] GET /api/metrics -> clients=0 global=0 statuses=0 phase=n/a
[2026-10-02T11:11:25.861043+05:30] [DEBUG] GET /api/comparison -> clean_clients=50 poisoned_clients=50
[2026-10-02T11:11:30.861623+05:30] [DEBUG] GET /api/run-state -> running=True phase=clean clean_exit=None poisoned_exit=None
[2026-10-02T11:11:30.862134+05:30] [DEBUG] GET /api/metrics -> clients=0 global=0 statuses=0 phase=n/a
[2026-10-02T11:11:30.863643+05:30] [DEBUG] GET /api/comparison -> clean_clients=50 poisoned_clients=50
[2026-10-02T11:11:35.869436+05:30] [DEBUG] GET /api/run-state -> running=True phase=clean clean_exit=None poisoned_exit=None
[2026-10-02T11:11:35.870540+05:30] [DEBUG] GET /api/metrics -> clients=0 global=0 statuses=0 phase=n/a
[2026-10-02T11:11:35.871561+05:30] [DEBUG] GET /api/comparison -> clean_clients=50 poisoned_clients=50
[2026-10-02T11:11:40.866635+05:30] [DEBUG] GET /api/run-state -> running=True phase=clean clean_exit=None poisoned_exit=None
[2026-10-02T11:11:40.868146+05:30] [DEBUG] GET /api/metrics -> clients=0 global=0 statuses=0 phase=n/a
[2026-10-02T11:11:40.869656+05:30] [DEBUG] GET /api/comparison -> clean_clients=50 poisoned_clients=50
[2026-10-02T11:11:45.870960+05:30] [DEBUG] GET /api/run-state -> running=True phase=clean clean_exit=None poisoned_exit=None
[2026-10-02T11:11:45.870960+05:30] [DEBUG] GET /api/metrics -> clients=0 global=0 statuses=0 phase=n/a
[2026-10-02T11:11:45.872472+05:30] [DEBUG] GET /api/comparison -> clean_clients=50 poisoned_clients=50
[2026-10-02T11:11:50.866754+05:30] [DEBUG] GET /api/comparison -> clean_clients=50 poisoned_clients=50
[2026-10-02T11:11:51.864213+05:30] [DEBUG] GET /api/run-state -> running=True phase=clean clean_exit=None poisoned_exit=None
[2026-10-02T11:11:51.864213+05:30] [DEBUG] GET /api/metrics -> clients=0 global=0 statuses=0 phase=n/a
[2026-10-02T11:11:55.865412+05:30] [DEBUG] GET /api/comparison -> clean_clients=50 poisoned_clients=50
[2026-10-02T11:11:56.870090+05:30] [DEBUG] GET /api/run-state -> running=True phase=clean clean_exit=None poisoned_exit=None
[2026-10-02T11:11:56.870600+05:30] [DEBUG] GET /api/metrics -> clients=0 global=0 statuses=0 phase=n/a
[2026-10-02T11:12:01.865508+05:30] [DEBUG] GET /api/run-state -> running=True phase=clean clean_exit=None poisoned_exit=None
[2026-10-02T11:12:01.866020+05:30] [DEBUG] GET /api/metrics -> clients=0 global=0 statuses=0 phase=n/a
[2026-10-02T11:12:01.868087+05:30] [DEBUG] GET /api/comparison -> clean_clients=50 poisoned_clients=50
[2026-10-02T11:12:07.869360+05:30] [DEBUG] GET /api/run-state -> running=True phase=clean clean_exit=None poisoned_exit=None
[2026-10-02T11:12:07.869870+05:30] [DEBUG] GET /api/metrics -> clients=0 global=0 statuses=0 phase=n/a
[2026-10-02T11:12:07.871984+05:30] [DEBUG] GET /api/comparison -> clean_clients=50 poisoned_clients=50
[2026-10-02T11:12:12.866900+05:30] [DEBUG] GET /api/comparison -> clean_clients=50 poisoned_clients=50
[2026-10-02T11:12:13.872622+05:30] [DEBUG] GET /api/run-state -> running=True phase=clean clean_exit=None poisoned_exit=None
[2026-10-02T11:12:13.872622+05:30] [DEBUG] GET /api/metrics -> clients=0 global=0 statuses=0 phase=n/a
[2026-10-02T11:12:17.874077+05:30] [DEBUG] GET /api/comparison -> clean_clients=50 poisoned_clients=50
[2026-10-02T11:12:18.870597+05:30] [DEBUG] GET /api/run-state -> running=True phase=clean clean_exit=None poisoned_exit=None
[2026-10-02T11:12:18.872313+05:30] [DEBUG] GET /api/metrics -> clients=0 global=0 statuses=0 phase=n/a
[2026-10-02T11:12:23.867865+05:30] [DEBUG] GET /api/run-state -> running=True phase=clean clean_exit=None poisoned_exit=None
[2026-10-02T11:12:23.869418+05:30] [DEBUG] GET /api/metrics -> clients=0 global=0 statuses=0 phase=n/a
[2026-10-02T11:12:23.870423+05:30] [DEBUG] GET /api/comparison -> clean_clients=50 poisoned_clients=50
[2026-10-02T11:12:28.864307+05:30] [DEBUG] GET /api/comparison -> clean_clients=50 poisoned_clients=50
[2026-10-02T11:12:29.864886+05:30] [DEBUG] GET /api/run-state -> running=True phase=clean clean_exit=None poisoned_exit=None
[2026-10-02T11:12:29.864886+05:30] [DEBUG] GET /api/metrics -> clients=0 global=0 statuses=0 phase=n/a
[2026-10-02T11:12:34.863450+05:30] [DEBUG] GET /api/comparison -> clean_clients=50 poisoned_clients=50
[2026-10-02T11:12:35.866835+05:30] [DEBUG] GET /api/run-state -> running=True phase=clean clean_exit=None poisoned_exit=None
[2026-10-02T11:12:35.866835+05:30] [DEBUG] GET /api/metrics -> clients=0 global=0 statuses=0 phase=n/a
[2026-10-02T11:12:39.860521+05:30] [DEBUG] GET /api/comparison -> clean_clients=50 poisoned_clients=50
[2026-10-02T11:12:40.870445+05:30] [DEBUG] GET /api/run-state -> running=True phase=clean clean_exit=None poisoned_exit=None
[2026-10-02T11:12:40.870913+05:30] [DEBUG] GET /api/metrics -> clients=0 global=0 statuses=0 phase=n/a
[2026-10-02T11:12:44.860725+05:30] [DEBUG] GET /api/comparison -> clean_clients=50 poisoned_clients=50
[2026-10-02T11:12:46.870578+05:30] [DEBUG] GET /api/run-state -> running=True phase=clean clean_exit=None poisoned_exit=None
[2026-10-02T11:12:46.870578+05:30] [DEBUG] GET /api/metrics -> clients=0 global=0 statuses=0 phase=n/a
[2026-10-02T11:12:49.865983+05:30] [DEBUG] GET /api/comparison -> clean_clients=50 poisoned_clients=50
[2026-10-02T11:12:52.867687+05:30] [DEBUG] GET /api/run-state -> running=True phase=clean clean_exit=None poisoned_exit=None
[2026-10-02T11:12:52.867687+05:30] [DEBUG] GET /api/metrics -> clients=0 global=0 statuses=0 phase=n/a
[2026-10-02T11:12:54.868224+05:30] [DEBUG] GET /api/comparison -> clean_clients=50 poisoned_clients=50
[2026-10-02T11:12:58.868424+05:30] [DEBUG] GET /api/run-state -> running=True phase=clean clean_exit=None poisoned_exit=None
[2026-10-02T11:12:58.868424+05:30] [DEBUG] GET /api/metrics -> clients=0 global=0 statuses=0 phase=n/a
[2026-10-02T11:12:59.873384+05:30] [DEBUG] GET /api/comparison -> clean_clients=50 poisoned_clients=50
[2026-10-02T11:13:03.865610+05:30] [DEBUG] GET /api/metrics -> clients=0 global=0 statuses=0 phase=n/a
[2026-10-02T11:13:03.865610+05:30] [DEBUG] GET /api/run-state -> running=True phase=clean clean_exit=None poisoned_exit=None
[2026-10-02T11:13:05.861447+05:30] [DEBUG] GET /api/comparison -> clean_clients=50 poisoned_clients=50
[2026-10-02T11:13:09.867739+05:30] [DEBUG] GET /api/run-state -> running=True phase=clean clean_exit=None poisoned_exit=None
[2026-10-02T11:13:09.867739+05:30] [DEBUG] GET /api/metrics -> clients=0 global=0 statuses=0 phase=n/a
[2026-10-02T11:13:10.873381+05:30] [DEBUG] GET /api/comparison -> clean_clients=50 poisoned_clients=50
[2026-10-02T11:13:15.868751+05:30] [DEBUG] GET /api/run-state -> running=True phase=clean clean_exit=None poisoned_exit=None
[2026-10-02T11:13:15.868751+05:30] [DEBUG] GET /api/metrics -> clients=0 global=0 statuses=0 phase=n/a
[2026-10-02T11:13:15.870776+05:30] [DEBUG] GET /api/comparison -> clean_clients=50 poisoned_clients=50
[2026-10-02T11:13:20.864949+05:30] [DEBUG] GET /api/run-state -> running=True phase=clean clean_exit=None poisoned_exit=None
[2026-10-02T11:13:20.865455+05:30] [DEBUG] GET /api/metrics -> clients=0 global=0 statuses=0 phase=n/a
[2026-10-02T11:13:20.866459+05:30] [DEBUG] GET /api/comparison -> clean_clients=50 poisoned_clients=50
[2026-10-02T11:13:25.869214+05:30] [DEBUG] GET /api/run-state -> running=True phase=clean clean_exit=None poisoned_exit=None
[2026-10-02T11:13:25.869725+05:30] [DEBUG] GET /api/metrics -> clients=0 global=0 statuses=0 phase=n/a
[2026-10-02T11:13:25.871616+05:30] [DEBUG] GET /api/comparison -> clean_clients=50 poisoned_clients=50
[2026-10-02T11:13:30.865328+05:30] [DEBUG] GET /api/run-state -> running=True phase=clean clean_exit=None poisoned_exit=None
[2026-10-02T11:13:30.865328+05:30] [DEBUG] GET /api/metrics -> clients=0 global=0 statuses=0 phase=n/a
[2026-10-02T11:13:30.866842+05:30] [DEBUG] GET /api/comparison -> clean_clients=50 poisoned_clients=50
[2026-10-02T11:13:35.900638+05:30] [DEBUG] GET /api/run-state -> running=True phase=clean clean_exit=None poisoned_exit=None
[2026-10-02T11:13:35.902155+05:30] [DEBUG] GET /api/metrics -> clients=0 global=0 statuses=0 phase=n/a
[2026-10-02T11:13:35.903665+05:30] [DEBUG] GET /api/comparison -> clean_clients=50 poisoned_clients=50
[2026-10-02T11:13:41.299232+05:30] [DEBUG] GET /api/metrics -> clients=0 global=0 statuses=0 phase=n/a
[2026-10-02T11:13:41.307837+05:30] [DEBUG] GET /api/comparison -> clean_clients=50 poisoned_clients=50
[2026-10-02T11:13:41.317511+05:30] [DEBUG] GET /api/run-state -> running=True phase=clean clean_exit=None poisoned_exit=None
[2026-10-02T11:13:46.866149+05:30] [DEBUG] GET /api/run-state -> running=True phase=clean clean_exit=None poisoned_exit=None
[2026-10-02T11:13:46.866149+05:30] [DEBUG] GET /api/metrics -> clients=0 global=0 statuses=0 phase=n/a
[2026-10-02T11:13:46.867662+05:30] [DEBUG] GET /api/comparison -> clean_clients=50 poisoned_clients=50
[2026-10-02T11:13:51.893499+05:30] [DEBUG] GET /api/metrics -> clients=0 global=0 statuses=0 phase=n/a
[2026-10-02T11:13:51.910632+05:30] [DEBUG] GET /api/comparison -> clean_clients=50 poisoned_clients=50
[2026-10-02T11:13:51.913920+05:30] [DEBUG] GET /api/run-state -> running=True phase=clean clean_exit=None poisoned_exit=None
[2026-10-02T11:13:57.857227+05:30] [DEBUG] GET /api/run-state -> running=True phase=clean clean_exit=None poisoned_exit=None
[2026-10-02T11:13:57.858800+05:30] [DEBUG] GET /api/metrics -> clients=0 global=0 statuses=0 phase=n/a
[2026-10-02T11:13:57.860353+05:30] [DEBUG] GET /api/comparison -> clean_clients=50 poisoned_clients=50
[2026-10-02T11:14:02.862333+05:30] [DEBUG] GET /api/run-state -> running=True phase=clean clean_exit=None poisoned_exit=None
[2026-10-02T11:14:02.863846+05:30] [DEBUG] GET /api/metrics -> clients=0 global=0 statuses=0 phase=n/a
[2026-10-02T11:14:02.865360+05:30] [DEBUG] GET /api/comparison -> clean_clients=50 poisoned_clients=50
[2026-10-02T11:14:07.862609+05:30] [DEBUG] GET /api/run-state -> running=True phase=clean clean_exit=None poisoned_exit=None
[2026-10-02T11:14:07.864125+05:30] [DEBUG] GET /api/metrics -> clients=0 global=0 statuses=0 phase=n/a
[2026-10-02T11:14:07.865641+05:30] [DEBUG] GET /api/comparison -> clean_clients=50 poisoned_clients=50
[2026-10-02T11:14:12.860519+05:30] [DEBUG] GET /api/run-state -> running=True phase=clean clean_exit=None poisoned_exit=None
[2026-10-02T11:14:12.861162+05:30] [DEBUG] GET /api/metrics -> clients=0 global=0 statuses=0 phase=n/a
[2026-10-02T11:14:13.864248+05:30] [DEBUG] GET /api/comparison -> clean_clients=50 poisoned_clients=50
[2026-10-02T11:14:17.865579+05:30] [DEBUG] GET /api/run-state -> running=True phase=clean clean_exit=None poisoned_exit=None
[2026-10-02T11:14:17.867093+05:30] [DEBUG] GET /api/metrics -> clients=0 global=0 statuses=0 phase=n/a
[2026-10-02T11:14:18.872041+05:30] [DEBUG] GET /api/comparison -> clean_clients=50 poisoned_clients=50
[2026-10-02T11:14:23.864924+05:30] [DEBUG] GET /api/run-state -> running=True phase=clean clean_exit=None poisoned_exit=None
[2026-10-02T11:14:23.864924+05:30] [DEBUG] GET /api/metrics -> clients=0 global=0 statuses=0 phase=n/a
[2026-10-02T11:14:23.866436+05:30] [DEBUG] GET /api/comparison -> clean_clients=50 poisoned_clients=50
[2026-10-02T11:14:28.865547+05:30] [DEBUG] GET /api/comparison -> clean_clients=50 poisoned_clients=50
[2026-10-02T11:14:29.860826+05:30] [DEBUG] GET /api/run-state -> running=True phase=clean clean_exit=None poisoned_exit=None
[2026-10-02T11:14:29.860826+05:30] [DEBUG] GET /api/metrics -> clients=0 global=0 statuses=0 phase=n/a
[2026-10-02T11:14:33.874999+05:30] [DEBUG] GET /api/comparison -> clean_clients=50 poisoned_clients=50
[2026-10-02T11:14:34.869407+05:30] [DEBUG] GET /api/run-state -> running=True phase=clean clean_exit=None poisoned_exit=None
[2026-10-02T11:14:34.870573+05:30] [DEBUG] GET /api/metrics -> clients=0 global=0 statuses=0 phase=n/a
[2026-10-02T11:14:38.874486+05:30] [DEBUG] GET /api/comparison -> clean_clients=50 poisoned_clients=50
[2026-10-02T11:14:39.866048+05:30] [DEBUG] GET /api/run-state -> running=True phase=clean clean_exit=None poisoned_exit=None
[2026-10-02T11:14:39.867560+05:30] [DEBUG] GET /api/metrics -> clients=0 global=0 statuses=0 phase=n/a
[2026-10-02T11:14:44.865051+05:30] [DEBUG] GET /api/comparison -> clean_clients=50 poisoned_clients=50
[2026-10-02T11:14:45.856764+05:30] [DEBUG] GET /api/run-state -> running=True phase=clean clean_exit=None poisoned_exit=None
[2026-10-02T11:14:45.858276+05:30] [DEBUG] GET /api/metrics -> clients=0 global=0 statuses=0 phase=n/a
[2026-10-02T11:14:50.858013+05:30] [DEBUG] GET /api/run-state -> running=True phase=clean clean_exit=None poisoned_exit=None
[2026-10-02T11:14:50.859524+05:30] [DEBUG] GET /api/metrics -> clients=0 global=0 statuses=0 phase=n/a
[2026-10-02T11:14:50.861613+05:30] [DEBUG] GET /api/comparison -> clean_clients=50 poisoned_clients=50
[2026-10-02T11:14:55.860675+05:30] [DEBUG] GET /api/run-state -> running=True phase=clean clean_exit=None poisoned_exit=None
[2026-10-02T11:14:55.861190+05:30] [DEBUG] GET /api/metrics -> clients=0 global=0 statuses=0 phase=n/a
[2026-10-02T11:14:55.862699+05:30] [DEBUG] GET /api/comparison -> clean_clients=50 poisoned_clients=50
[2026-10-02T11:15:00.859526+05:30] [DEBUG] GET /api/run-state -> running=True phase=clean clean_exit=None poisoned_exit=None
[2026-10-02T11:15:00.860530+05:30] [DEBUG] GET /api/metrics -> clients=0 global=0 statuses=0 phase=n/a
[2026-10-02T11:15:00.862556+05:30] [DEBUG] GET /api/comparison -> clean_clients=50 poisoned_clients=50
[2026-10-02T11:15:05.862134+05:30] [DEBUG] GET /api/metrics -> clients=0 global=0 statuses=0 phase=n/a
[2026-10-02T11:15:05.862134+05:30] [DEBUG] GET /api/run-state -> running=True phase=clean clean_exit=None poisoned_exit=None
[2026-10-02T11:15:05.863648+05:30] [DEBUG] GET /api/comparison -> clean_clients=50 poisoned_clients=50
[2026-10-02T11:15:10.866731+05:30] [DEBUG] GET /api/metrics -> clients=0 global=0 statuses=0 phase=n/a
[2026-10-02T11:15:10.868243+05:30] [DEBUG] GET /api/run-state -> running=True phase=clean clean_exit=None poisoned_exit=None
[2026-10-02T11:15:10.870269+05:30] [DEBUG] GET /api/comparison -> clean_clients=50 poisoned_clients=50
[2026-10-02T11:15:16.862397+05:30] [DEBUG] GET /api/run-state -> running=True phase=clean clean_exit=None poisoned_exit=None
[2026-10-02T11:15:16.864337+05:30] [DEBUG] GET /api/metrics -> clients=0 global=0 statuses=0 phase=n/a
[2026-10-02T11:15:16.865848+05:30] [DEBUG] GET /api/comparison -> clean_clients=50 poisoned_clients=50
[2026-10-02T11:15:21.862247+05:30] [DEBUG] GET /api/run-state -> running=True phase=clean clean_exit=None poisoned_exit=None
[2026-10-02T11:15:22.863610+05:30] [DEBUG] GET /api/metrics -> clients=0 global=0 statuses=0 phase=n/a
[2026-10-02T11:15:22.865124+05:30] [DEBUG] GET /api/comparison -> clean_clients=50 poisoned_clients=50
[2026-10-02T11:15:26.872012+05:30] [DEBUG] GET /api/run-state -> running=True phase=clean clean_exit=None poisoned_exit=None
[2026-10-02T11:15:27.860580+05:30] [DEBUG] GET /api/metrics -> clients=0 global=0 statuses=0 phase=n/a
[2026-10-02T11:15:28.872518+05:30] [DEBUG] GET /api/comparison -> clean_clients=50 poisoned_clients=50
[2026-10-02T11:15:31.870779+05:30] [DEBUG] GET /api/run-state -> running=True phase=clean clean_exit=None poisoned_exit=None
[2026-10-02T11:15:32.861395+05:30] [DEBUG] GET /api/metrics -> clients=0 global=0 statuses=0 phase=n/a
[2026-10-02T11:15:34.865414+05:30] [DEBUG] GET /api/comparison -> clean_clients=50 poisoned_clients=50
[2026-10-02T11:15:36.864942+05:30] [DEBUG] GET /api/run-state -> running=True phase=clean clean_exit=None poisoned_exit=None
[2026-10-02T11:15:37.857979+05:30] [DEBUG] GET /api/metrics -> clients=0 global=0 statuses=0 phase=n/a
[2026-10-02T11:15:39.867528+05:30] [DEBUG] GET /api/comparison -> clean_clients=50 poisoned_clients=50
[2026-10-02T11:15:42.860864+05:30] [DEBUG] GET /api/run-state -> running=True phase=clean clean_exit=None poisoned_exit=None
[2026-10-02T11:15:42.860864+05:30] [DEBUG] GET /api/metrics -> clients=0 global=0 statuses=0 phase=n/a
[2026-10-02T11:15:44.869362+05:30] [DEBUG] GET /api/comparison -> clean_clients=50 poisoned_clients=50
[2026-10-02T11:15:47.869641+05:30] [DEBUG] GET /api/run-state -> running=True phase=clean clean_exit=None poisoned_exit=None
[2026-10-02T11:15:47.870646+05:30] [DEBUG] GET /api/metrics -> clients=0 global=0 statuses=0 phase=n/a
[2026-10-02T11:15:49.873582+05:30] [DEBUG] GET /api/comparison -> clean_clients=50 poisoned_clients=50
[2026-10-02T11:15:52.864780+05:30] [DEBUG] GET /api/metrics -> clients=0 global=0 statuses=0 phase=n/a
[2026-10-02T11:15:53.863554+05:30] [DEBUG] GET /api/run-state -> running=True phase=clean clean_exit=None poisoned_exit=None
[2026-10-02T11:15:54.868007+05:30] [DEBUG] GET /api/comparison -> clean_clients=50 poisoned_clients=50
[2026-10-02T11:15:58.860318+05:30] [DEBUG] GET /api/run-state -> running=True phase=clean clean_exit=None poisoned_exit=None
[2026-10-02T11:15:58.860318+05:30] [DEBUG] GET /api/metrics -> clients=0 global=0 statuses=0 phase=n/a
[2026-10-02T11:15:59.869654+05:30] [DEBUG] GET /api/comparison -> clean_clients=50 poisoned_clients=50
[2026-10-02T11:16:03.872520+05:30] [DEBUG] GET /api/run-state -> running=True phase=clean clean_exit=None poisoned_exit=None
[2026-10-02T11:16:03.874030+05:30] [DEBUG] GET /api/metrics -> clients=0 global=0 statuses=0 phase=n/a
[2026-10-02T11:16:05.869870+05:30] [DEBUG] GET /api/comparison -> clean_clients=50 poisoned_clients=50
[2026-10-02T11:16:09.865391+05:30] [DEBUG] GET /api/run-state -> running=True phase=clean clean_exit=None poisoned_exit=None
[2026-10-02T11:16:09.866904+05:30] [DEBUG] GET /api/metrics -> clients=0 global=0 statuses=0 phase=n/a
[2026-10-02T11:16:11.860958+05:30] [DEBUG] GET /api/comparison -> clean_clients=50 poisoned_clients=50
[2026-10-02T11:16:14.872071+05:30] [DEBUG] GET /api/run-state -> running=True phase=clean clean_exit=None poisoned_exit=None
[2026-10-02T11:16:14.873590+05:30] [DEBUG] GET /api/metrics -> clients=0 global=0 statuses=0 phase=n/a
[2026-10-02T11:16:16.868600+05:30] [DEBUG] GET /api/comparison -> clean_clients=50 poisoned_clients=50
[2026-10-02T11:16:20.863870+05:30] [DEBUG] GET /api/run-state -> running=True phase=clean clean_exit=None poisoned_exit=None
[2026-10-02T11:16:20.864893+05:30] [DEBUG] GET /api/metrics -> clients=0 global=0 statuses=0 phase=n/a
[2026-10-02T11:16:22.870495+05:30] [DEBUG] GET /api/comparison -> clean_clients=50 poisoned_clients=50
[2026-10-02T11:16:25.863958+05:30] [DEBUG] GET /api/run-state -> running=True phase=clean clean_exit=None poisoned_exit=None
[2026-10-02T11:16:26.865287+05:30] [DEBUG] GET /api/metrics -> clients=0 global=0 statuses=0 phase=n/a
[2026-10-02T11:16:27.865247+05:30] [DEBUG] GET /api/comparison -> clean_clients=50 poisoned_clients=50
[2026-10-02T11:16:30.866407+05:30] [DEBUG] GET /api/run-state -> running=True phase=clean clean_exit=None poisoned_exit=None
[2026-10-02T11:16:31.875055+05:30] [DEBUG] GET /api/metrics -> clients=0 global=0 statuses=0 phase=n/a
[2026-10-02T11:16:32.868230+05:30] [DEBUG] GET /api/comparison -> clean_clients=50 poisoned_clients=50
[2026-10-02T11:16:35.872046+05:30] [DEBUG] GET /api/run-state -> running=True phase=clean clean_exit=None poisoned_exit=None
[2026-10-02T11:16:36.871364+05:30] [DEBUG] GET /api/metrics -> clients=0 global=0 statuses=0 phase=n/a
[2026-10-02T11:16:38.874864+05:30] [DEBUG] GET /api/comparison -> clean_clients=50 poisoned_clients=50
[2026-10-02T11:16:41.265803+05:30] [DEBUG] GET /api/run-state -> running=True phase=clean clean_exit=None poisoned_exit=None
[2026-10-02T11:16:41.873678+05:30] [DEBUG] GET /api/metrics -> clients=0 global=0 statuses=0 phase=n/a
[2026-10-02T11:16:44.859915+05:30] [DEBUG] GET /api/comparison -> clean_clients=50 poisoned_clients=50
[2026-10-02T11:16:46.858633+05:30] [DEBUG] GET /api/run-state -> running=True phase=clean clean_exit=None poisoned_exit=None
[2026-10-02T11:16:46.938969+05:30] [DEBUG] GET /api/metrics -> clients=0 global=0 statuses=0 phase=n/a
[2026-10-02T11:16:49.860467+05:30] [DEBUG] GET /api/comparison -> clean_clients=50 poisoned_clients=50
[2026-10-02T11:16:51.863640+05:30] [DEBUG] GET /api/run-state -> running=True phase=clean clean_exit=None poisoned_exit=None
[2026-10-02T11:16:52.872194+05:30] [DEBUG] GET /api/metrics -> clients=0 global=0 statuses=0 phase=n/a
[2026-10-02T11:16:54.862087+05:30] [DEBUG] GET /api/comparison -> clean_clients=50 poisoned_clients=50
[2026-10-02T11:16:56.867212+05:30] [DEBUG] GET /api/run-state -> running=True phase=clean clean_exit=None poisoned_exit=None
[2026-10-02T11:16:57.867234+05:30] [DEBUG] GET /api/metrics -> clients=0 global=0 statuses=0 phase=n/a
[2026-10-02T11:16:59.862100+05:30] [DEBUG] GET /api/comparison -> clean_clients=50 poisoned_clients=50
[2026-10-02T11:17:01.871632+05:30] [DEBUG] GET /api/run-state -> running=True phase=clean clean_exit=None poisoned_exit=None
[2026-10-02T11:17:02.873695+05:30] [DEBUG] GET /api/metrics -> clients=0 global=0 statuses=0 phase=n/a
[2026-10-02T11:17:04.869005+05:30] [DEBUG] GET /api/comparison -> clean_clients=50 poisoned_clients=50
[2026-10-02T11:17:07.870943+05:30] [DEBUG] GET /api/run-state -> running=True phase=clean clean_exit=None poisoned_exit=None
[2026-10-02T11:17:07.872007+05:30] [DEBUG] GET /api/metrics -> clients=0 global=0 statuses=0 phase=n/a
[2026-10-02T11:17:10.863506+05:30] [DEBUG] GET /api/comparison -> clean_clients=50 poisoned_clients=50
[2026-10-02T11:17:13.859708+05:30] [DEBUG] GET /api/run-state -> running=True phase=clean clean_exit=None poisoned_exit=None
[2026-10-02T11:17:13.860212+05:30] [DEBUG] GET /api/metrics -> clients=0 global=0 statuses=0 phase=n/a
[2026-10-02T11:17:15.862285+05:30] [DEBUG] GET /api/comparison -> clean_clients=50 poisoned_clients=50
[2026-10-02T11:17:18.870418+05:30] [DEBUG] GET /api/run-state -> running=True phase=clean clean_exit=None poisoned_exit=None
[2026-10-02T11:17:18.870931+05:30] [DEBUG] GET /api/metrics -> clients=0 global=0 statuses=0 phase=n/a
[2026-10-02T11:17:20.863917+05:30] [DEBUG] GET /api/comparison -> clean_clients=50 poisoned_clients=50
[2026-10-02T11:17:24.857173+05:30] [DEBUG] GET /api/run-state -> running=True phase=clean clean_exit=None poisoned_exit=None
[2026-10-02T11:17:24.857173+05:30] [DEBUG] GET /api/metrics -> clients=0 global=0 statuses=0 phase=n/a
[2026-10-02T11:17:25.865039+05:30] [DEBUG] GET /api/comparison -> clean_clients=50 poisoned_clients=50
[2026-10-02T11:17:29.855914+05:30] [DEBUG] GET /api/run-state -> running=True phase=clean clean_exit=None poisoned_exit=None
[2026-10-02T11:17:29.857431+05:30] [DEBUG] GET /api/metrics -> clients=0 global=0 statuses=0 phase=n/a
[2026-10-02T11:17:30.865065+05:30] [DEBUG] GET /api/comparison -> clean_clients=50 poisoned_clients=50
[2026-10-02T11:17:34.866632+05:30] [DEBUG] GET /api/run-state -> running=True phase=clean clean_exit=None poisoned_exit=None
[2026-10-02T11:17:34.866632+05:30] [DEBUG] GET /api/metrics -> clients=0 global=0 statuses=0 phase=n/a
[2026-10-02T11:17:36.865924+05:30] [DEBUG] GET /api/comparison -> clean_clients=50 poisoned_clients=50
[2026-10-02T11:17:39.865829+05:30] [DEBUG] GET /api/metrics -> clients=0 global=0 statuses=0 phase=n/a
[2026-10-02T11:17:40.872461+05:30] [DEBUG] GET /api/run-state -> running=True phase=clean clean_exit=None poisoned_exit=None
[2026-10-02T11:17:41.867185+05:30] [DEBUG] GET /api/comparison -> clean_clients=50 poisoned_clients=50
[2026-10-02T11:17:45.243415+05:30] [DEBUG] GET /api/metrics -> clients=0 global=0 statuses=0 phase=n/a
[2026-10-02T11:17:46.245632+05:30] [DEBUG] GET /api/run-state -> running=True phase=clean clean_exit=None poisoned_exit=None
[2026-10-02T11:17:47.257376+05:30] [DEBUG] GET /api/comparison -> clean_clients=50 poisoned_clients=50
[2026-10-02T11:17:50.246592+05:30] [DEBUG] GET /api/metrics -> clients=0 global=0 statuses=0 phase=n/a
[2026-10-02T11:17:51.252779+05:30] [DEBUG] GET /api/run-state -> running=True phase=clean clean_exit=None poisoned_exit=None
[2026-10-02T11:17:52.257199+05:30] [DEBUG] GET /api/comparison -> clean_clients=50 poisoned_clients=50
[2026-10-02T11:17:55.247885+05:30] [DEBUG] GET /api/metrics -> clients=0 global=0 statuses=0 phase=n/a
[2026-10-02T11:17:56.252145+05:30] [DEBUG] GET /api/run-state -> running=True phase=clean clean_exit=None poisoned_exit=None
[2026-10-02T11:17:58.320873+05:30] [DEBUG] GET /api/comparison -> clean_clients=50 poisoned_clients=50
[2026-10-02T11:18:00.251939+05:30] [DEBUG] GET /api/metrics -> clients=0 global=0 statuses=0 phase=broadcast
[2026-10-02T11:18:01.256395+05:30] [DEBUG] GET /api/run-state -> running=True phase=clean clean_exit=None poisoned_exit=None
[2026-10-02T11:18:04.253529+05:30] [DEBUG] GET /api/comparison -> clean_clients=50 poisoned_clients=50
[2026-10-02T11:18:05.860614+05:30] [DEBUG] GET /api/metrics -> clients=0 global=0 statuses=0 phase=broadcast
[2026-10-02T11:18:06.866876+05:30] [DEBUG] GET /api/run-state -> running=True phase=clean clean_exit=None poisoned_exit=None
[2026-10-02T11:18:09.861839+05:30] [DEBUG] GET /api/comparison -> clean_clients=50 poisoned_clients=50
[2026-10-02T11:18:10.867154+05:30] [DEBUG] GET /api/metrics -> clients=0 global=0 statuses=0 phase=evaluate
[2026-10-02T11:18:11.871094+05:30] [DEBUG] GET /api/run-state -> running=True phase=clean clean_exit=None poisoned_exit=None
[2026-10-02T11:18:14.867315+05:30] [DEBUG] GET /api/comparison -> clean_clients=50 poisoned_clients=50
[2026-10-02T11:18:15.865788+05:30] [DEBUG] GET /api/metrics -> clients=0 global=1 statuses=0 phase=evaluate
[2026-10-02T11:18:16.869663+05:30] [DEBUG] GET /api/run-state -> running=True phase=clean clean_exit=None poisoned_exit=None
[2026-10-02T11:18:19.866866+05:30] [DEBUG] GET /api/comparison -> clean_clients=50 poisoned_clients=50
[2026-10-02T11:18:21.868192+05:30] [DEBUG] GET /api/run-state -> running=True phase=clean clean_exit=None poisoned_exit=None
[2026-10-02T11:18:21.868192+05:30] [DEBUG] GET /api/metrics -> clients=0 global=1 statuses=0 phase=evaluate
[2026-10-02T11:18:24.877433+05:30] [DEBUG] GET /api/comparison -> clean_clients=50 poisoned_clients=50
[2026-10-02T11:18:26.865234+05:30] [DEBUG] GET /api/run-state -> running=True phase=clean clean_exit=None poisoned_exit=None
[2026-10-02T11:18:26.866750+05:30] [DEBUG] GET /api/metrics -> clients=0 global=1 statuses=0 phase=evaluate
[2026-10-02T11:18:29.880300+05:30] [DEBUG] GET /api/comparison -> clean_clients=50 poisoned_clients=50
[2026-10-02T11:18:32.860872+05:30] [DEBUG] GET /api/run-state -> running=True phase=clean clean_exit=None poisoned_exit=None
[2026-10-02T11:18:32.863411+05:30] [DEBUG] GET /api/metrics -> clients=0 global=1 statuses=0 phase=evaluate
[2026-10-02T11:18:35.863004+05:30] [DEBUG] GET /api/comparison -> clean_clients=50 poisoned_clients=50
[2026-10-02T11:18:37.866353+05:30] [DEBUG] GET /api/run-state -> running=True phase=clean clean_exit=None poisoned_exit=None
[2026-10-02T11:18:37.867985+05:30] [DEBUG] GET /api/metrics -> clients=0 global=1 statuses=0 phase=evaluate
[2026-10-02T11:18:40.861199+05:30] [DEBUG] GET /api/comparison -> clean_clients=50 poisoned_clients=50
[2026-10-02T11:18:42.872386+05:30] [DEBUG] GET /api/metrics -> clients=0 global=1 statuses=0 phase=evaluate
[2026-10-02T11:18:42.892325+05:30] [DEBUG] GET /api/run-state -> running=True phase=clean clean_exit=None poisoned_exit=None
[2026-10-02T11:18:45.864842+05:30] [DEBUG] GET /api/comparison -> clean_clients=50 poisoned_clients=50
[2026-10-02T11:18:48.872164+05:30] [DEBUG] GET /api/run-state -> running=True phase=clean clean_exit=None poisoned_exit=None
[2026-10-02T11:18:48.873676+05:30] [DEBUG] GET /api/metrics -> clients=0 global=1 statuses=0 phase=evaluate
[2026-10-02T11:18:50.874262+05:30] [DEBUG] GET /api/comparison -> clean_clients=50 poisoned_clients=50
[2026-10-02T11:18:53.885053+05:30] [DEBUG] GET /api/metrics -> clients=0 global=1 statuses=0 phase=evaluate
[2026-10-02T11:18:53.886575+05:30] [DEBUG] GET /api/run-state -> running=True phase=clean clean_exit=None poisoned_exit=None
[2026-10-02T11:18:55.871823+05:30] [DEBUG] GET /api/comparison -> clean_clients=50 poisoned_clients=50
[2026-10-02T11:18:59.863432+05:30] [DEBUG] GET /api/run-state -> running=True phase=clean clean_exit=None poisoned_exit=None
[2026-10-02T11:18:59.863432+05:30] [DEBUG] GET /api/metrics -> clients=0 global=1 statuses=0 phase=evaluate
[2026-10-02T11:19:01.862535+05:30] [DEBUG] GET /api/comparison -> clean_clients=50 poisoned_clients=50
[2026-10-02T11:19:04.867973+05:30] [DEBUG] GET /api/run-state -> running=True phase=clean clean_exit=None poisoned_exit=None
[2026-10-02T11:19:04.869484+05:30] [DEBUG] GET /api/metrics -> clients=0 global=1 statuses=0 phase=evaluate
[2026-10-02T11:19:06.869834+05:30] [DEBUG] GET /api/comparison -> clean_clients=50 poisoned_clients=50
[2026-10-02T11:19:09.865491+05:30] [DEBUG] GET /api/run-state -> running=True phase=clean clean_exit=None poisoned_exit=None
[2026-10-02T11:19:09.867033+05:30] [DEBUG] GET /api/metrics -> clients=0 global=1 statuses=0 phase=evaluate
[2026-10-02T11:19:11.962122+05:30] [DEBUG] GET /api/comparison -> clean_clients=50 poisoned_clients=50
[2026-10-02T11:19:14.870273+05:30] [DEBUG] GET /api/metrics -> clients=0 global=1 statuses=0 phase=evaluate
[2026-10-02T11:19:14.874863+05:30] [DEBUG] GET /api/run-state -> running=True phase=clean clean_exit=None poisoned_exit=None
[2026-10-02T11:19:17.864793+05:30] [DEBUG] GET /api/comparison -> clean_clients=50 poisoned_clients=50
[2026-10-02T11:19:19.870648+05:30] [DEBUG] GET /api/run-state -> running=True phase=clean clean_exit=None poisoned_exit=None
[2026-10-02T11:19:19.872305+05:30] [DEBUG] GET /api/metrics -> clients=0 global=1 statuses=0 phase=evaluate
[2026-10-02T11:19:22.872144+05:30] [DEBUG] GET /api/comparison -> clean_clients=50 poisoned_clients=50
[2026-10-02T11:19:25.858686+05:30] [DEBUG] GET /api/run-state -> running=True phase=clean clean_exit=None poisoned_exit=None
[2026-10-02T11:19:25.859718+05:30] [DEBUG] GET /api/metrics -> clients=0 global=1 statuses=0 phase=evaluate
[2026-10-02T11:19:27.876122+05:30] [DEBUG] GET /api/comparison -> clean_clients=50 poisoned_clients=50
[2026-10-02T11:19:30.869824+05:30] [DEBUG] GET /api/run-state -> running=True phase=clean clean_exit=None poisoned_exit=None
[2026-10-02T11:19:30.870849+05:30] [DEBUG] GET /api/metrics -> clients=0 global=1 statuses=0 phase=evaluate
[2026-10-02T11:19:32.918034+05:30] [DEBUG] GET /api/comparison -> clean_clients=50 poisoned_clients=50
[2026-10-02T11:19:36.872822+05:30] [DEBUG] GET /api/run-state -> running=True phase=clean clean_exit=None poisoned_exit=None
[2026-10-02T11:19:36.873832+05:30] [DEBUG] GET /api/metrics -> clients=0 global=1 statuses=0 phase=evaluate
[2026-10-02T11:19:38.872420+05:30] [DEBUG] GET /api/comparison -> clean_clients=50 poisoned_clients=50
[2026-10-02T11:19:41.876114+05:30] [DEBUG] GET /api/metrics -> clients=0 global=1 statuses=0 phase=evaluate
[2026-10-02T11:19:41.877720+05:30] [DEBUG] GET /api/run-state -> running=True phase=clean clean_exit=None poisoned_exit=None
[2026-10-02T11:19:43.882665+05:30] [DEBUG] GET /api/comparison -> clean_clients=50 poisoned_clients=50
[2026-10-02T11:19:46.865169+05:30] [DEBUG] GET /api/run-state -> running=True phase=clean clean_exit=None poisoned_exit=None
[2026-10-02T11:19:46.866680+05:30] [DEBUG] GET /api/metrics -> clients=0 global=1 statuses=0 phase=evaluate
[2026-10-02T11:19:49.890603+05:30] [DEBUG] GET /api/comparison -> clean_clients=50 poisoned_clients=50
[2026-10-02T11:19:51.866657+05:30] [DEBUG] GET /api/run-state -> running=True phase=clean clean_exit=None poisoned_exit=None
[2026-10-02T11:19:51.870693+05:30] [DEBUG] GET /api/metrics -> clients=0 global=1 statuses=0 phase=evaluate
[2026-10-02T11:19:55.863697+05:30] [DEBUG] GET /api/comparison -> clean_clients=50 poisoned_clients=50
[2026-10-02T11:19:56.865829+05:30] [DEBUG] GET /api/run-state -> running=True phase=clean clean_exit=None poisoned_exit=None
[2026-10-02T11:19:56.875432+05:30] [DEBUG] GET /api/metrics -> clients=0 global=1 statuses=0 phase=evaluate
[2026-10-02T11:20:00.869696+05:30] [DEBUG] GET /api/comparison -> clean_clients=50 poisoned_clients=50
[2026-10-02T11:20:01.865318+05:30] [DEBUG] GET /api/run-state -> running=True phase=clean clean_exit=None poisoned_exit=None
[2026-10-02T11:20:01.866840+05:30] [DEBUG] GET /api/metrics -> clients=0 global=1 statuses=0 phase=evaluate
[2026-10-02T11:20:05.874419+05:30] [DEBUG] GET /api/comparison -> clean_clients=50 poisoned_clients=50
[2026-10-02T11:20:07.872576+05:30] [DEBUG] GET /api/metrics -> clients=0 global=1 statuses=5 phase=train
poisoned_exit=None
[2026-10-02T11:20:10.868243+05:30] [DEBUG] GET /api/comparison -> clean_clients=50 poisoned_clients=50
[2026-10-02T11:20:13.861965+05:30] [DEBUG] GET /api/run-state -> running=True phase=clean clean_exit=None poisoned_exit=None
[2026-10-02T11:20:13.865030+05:30] [DEBUG] GET /api/metrics -> clients=0 global=1 statuses=5 phase=train
[2026-10-02T11:20:15.866946+05:30] [DEBUG] GET /api/comparison -> clean_clients=50 poisoned_clients=50
[2026-10-02T11:20:18.865234+05:30] [DEBUG] GET /api/run-state -> running=True phase=clean clean_exit=None poisoned_exit=None
[2026-10-02T11:20:18.866865+05:30] [DEBUG] GET /api/metrics -> clients=0 global=1 statuses=5 phase=train
[2026-10-02T11:20:20.870211+05:30] [DEBUG] GET /api/comparison -> clean_clients=50 poisoned_clients=50
[2026-10-02T11:20:23.875092+05:30] [DEBUG] GET /api/run-state -> running=True phase=clean clean_exit=None poisoned_exit=None
[2026-10-02T11:20:23.875092+05:30] [DEBUG] GET /api/metrics -> clients=0 global=1 statuses=5 phase=train
[2026-10-02T11:20:25.888125+05:30] [DEBUG] GET /api/comparison -> clean_clients=50 poisoned_clients=50
[2026-10-02T11:20:28.900107+05:30] [DEBUG] GET /api/metrics -> clients=5 global=1 statuses=5 phase=train
[2026-10-02T11:20:29.873968+05:30] [DEBUG] GET /api/run-state -> running=True phase=clean clean_exit=None poisoned_exit=None
[2026-10-02T11:20:31.876558+05:30] [DEBUG] GET /api/comparison -> clean_clients=50 poisoned_clients=50
[2026-10-02T11:20:34.873876+05:30] [DEBUG] GET /api/metrics -> clients=5 global=1 statuses=5 phase=evaluate
[2026-10-02T11:20:35.869537+05:30] [DEBUG] GET /api/run-state -> running=True phase=clean clean_exit=None poisoned_exit=None
[2026-10-02T11:20:36.880219+05:30] [DEBUG] GET /api/comparison -> clean_clients=50 poisoned_clients=50
[2026-10-02T11:20:39.874372+05:30] [DEBUG] GET /api/metrics -> clients=5 global=2 statuses=5 phase=train
[2026-10-02T11:20:40.871647+05:30] [DEBUG] GET /api/run-state -> running=True phase=clean clean_exit=None poisoned_exit=None
[2026-10-02T11:20:41.884310+05:30] [DEBUG] GET /api/comparison -> clean_clients=50 poisoned_clients=50
[2026-10-02T11:20:44.890276+05:30] [DEBUG] GET /api/metrics -> clients=5 global=2 statuses=5 phase=train
[2026-10-02T11:20:45.882485+05:30] [DEBUG] GET /api/run-state -> running=True phase=clean clean_exit=None poisoned_exit=None
[2026-10-02T11:20:47.872121+05:30] [DEBUG] GET /api/comparison -> clean_clients=50 poisoned_clients=50
[2026-10-02T11:20:50.870376+05:30] [DEBUG] GET /api/metrics -> clients=10 global=2 statuses=5 phase=aggregate
[2026-10-02T11:20:51.861973+05:30] [DEBUG] GET /api/run-state -> running=True phase=clean clean_exit=None poisoned_exit=None
[2026-10-02T11:20:53.861147+05:30] [DEBUG] GET /api/comparison -> clean_clients=50 poisoned_clients=50
[2026-10-02T11:20:55.875183+05:30] [DEBUG] GET /api/metrics -> clients=10 global=3 statuses=5 phase=train
[2026-10-02T11:20:56.871562+05:30] [DEBUG] GET /api/run-state -> running=True phase=clean clean_exit=None poisoned_exit=None
[2026-10-02T11:20:58.870492+05:30] [DEBUG] GET /api/comparison -> clean_clients=50 poisoned_clients=50
[2026-10-02T11:21:00.885782+05:30] [DEBUG] GET /api/metrics -> clients=10 global=3 statuses=5 phase=train
[2026-10-02T11:21:01.896107+05:30] [DEBUG] GET /api/run-state -> running=True phase=clean clean_exit=None poisoned_exit=None
[2026-10-02T11:21:03.884992+05:30] [DEBUG] GET /api/comparison -> clean_clients=50 poisoned_clients=50
[2026-10-02T11:21:06.936451+05:30] [DEBUG] GET /api/metrics -> clients=15 global=3 statuses=5 phase=aggregate
[2026-10-02T11:21:07.861617+05:30] [DEBUG] GET /api/run-state -> running=True phase=clean clean_exit=None poisoned_exit=None
[2026-10-02T11:21:09.866582+05:30] [DEBUG] GET /api/comparison -> clean_clients=50 poisoned_clients=50
[2026-10-02T11:21:12.860710+05:30] [DEBUG] GET /api/run-state -> running=True phase=clean clean_exit=None poisoned_exit=None
[2026-10-02T11:21:12.876586+05:30] [DEBUG] GET /api/metrics -> clients=15 global=3 statuses=5 phase=evaluate
[2026-10-02T11:21:15.865217+05:30] [DEBUG] GET /api/comparison -> clean_clients=50 poisoned_clients=50
[2026-10-02T11:21:17.860897+05:30] [DEBUG] GET /api/run-state -> running=True phase=clean clean_exit=None poisoned_exit=None
[2026-10-02T11:21:17.866478+05:30] [DEBUG] GET /api/metrics -> clients=15 global=4 statuses=5 phase=train
[2026-10-02T11:21:20.984024+05:30] [DEBUG] GET /api/comparison -> clean_clients=50 poisoned_clients=50
[2026-10-02T11:21:22.903619+05:30] [DEBUG] GET /api/run-state -> running=True phase=clean clean_exit=None poisoned_exit=None
[2026-10-02T11:21:22.908221+05:30] [DEBUG] GET /api/metrics -> clients=15 global=4 statuses=5 phase=train
[2026-10-02T11:21:26.864332+05:30] [DEBUG] GET /api/comparison -> clean_clients=50 poisoned_clients=50
[2026-10-02T11:21:28.866562+05:30] [DEBUG] GET /api/run-state -> running=True phase=clean clean_exit=None poisoned_exit=None
[2026-10-02T11:21:28.873363+05:30] [DEBUG] GET /api/metrics -> clients=20 global=4 statuses=5 phase=aggregate
[2026-10-02T11:21:31.874517+05:30] [DEBUG] GET /api/comparison -> clean_clients=50 poisoned_clients=50
[2026-10-02T11:21:33.867529+05:30] [DEBUG] GET /api/run-state -> running=True phase=clean clean_exit=None poisoned_exit=None
[2026-10-02T11:21:33.883075+05:30] [DEBUG] GET /api/metrics -> clients=20 global=5 statuses=5 phase=train
[2026-10-02T11:21:36.873543+05:30] [DEBUG] GET /api/comparison -> clean_clients=50 poisoned_clients=50
[2026-10-02T11:21:38.879565+05:30] [DEBUG] GET /api/run-state -> running=True phase=clean clean_exit=None poisoned_exit=None
[2026-10-02T11:21:38.893468+05:30] [DEBUG] GET /api/metrics -> clients=20 global=5 statuses=5 phase=train
[2026-10-02T11:21:41.890954+05:30] [DEBUG] GET /api/comparison -> clean_clients=50 poisoned_clients=50
[2026-10-02T11:21:43.915540+05:30] [DEBUG] GET /api/metrics -> clients=25 global=5 statuses=5 phase=aggregate
[2026-10-02T11:21:44.863748+05:30] [DEBUG] GET /api/run-state -> running=True phase=clean clean_exit=None poisoned_exit=None
[2026-10-02T11:21:47.875700+05:30] [DEBUG] GET /api/comparison -> clean_clients=50 poisoned_clients=50
[2026-10-02T11:21:49.860548+05:30] [DEBUG] GET /api/run-state -> running=True phase=clean clean_exit=None poisoned_exit=None
[2026-10-02T11:21:49.875367+05:30] [DEBUG] GET /api/metrics -> clients=25 global=5 statuses=5 phase=evaluate
[2026-10-02T11:21:53.876873+05:30] [DEBUG] GET /api/comparison -> clean_clients=50 poisoned_clients=50
[2026-10-02T11:21:54.858561+05:30] [DEBUG] GET /api/run-state -> running=True phase=clean clean_exit=None poisoned_exit=None
[2026-10-02T11:21:55.866963+05:30] [DEBUG] GET /api/metrics -> clients=25 global=6 statuses=5 phase=evaluate
[2026-10-02T11:21:58.865649+05:30] [DEBUG] GET /api/comparison -> clean_clients=50 poisoned_clients=50
[2026-10-02T11:21:59.861356+05:30] [DEBUG] GET /api/run-state -> running=True phase=clean clean_exit=None poisoned_exit=None
[2026-10-02T11:22:00.869404+05:30] [DEBUG] GET /api/metrics -> clients=25 global=6 statuses=5 phase=evaluate
[2026-10-02T11:22:04.859071+05:30] [DEBUG] GET /api/run-state -> running=True phase=clean clean_exit=None poisoned_exit=None
[2026-10-02T11:22:04.862234+05:30] [DEBUG] GET /api/comparison -> clean_clients=50 poisoned_clients=50
[2026-10-02T11:22:06.872784+05:30] [DEBUG] GET /api/metrics -> clients=25 global=6 statuses=5 phase=evaluate
[2026-10-02T11:22:09.864030+05:30] [DEBUG] GET /api/run-state -> running=True phase=clean clean_exit=None poisoned_exit=None
[2026-10-02T11:22:09.867119+05:30] [DEBUG] GET /api/comparison -> clean_clients=50 poisoned_clients=50
[2026-10-02T11:22:11.871310+05:30] [DEBUG] GET /api/metrics -> clients=25 global=6 statuses=5 phase=evaluate
[2026-10-02T11:22:14.860558+05:30] [DEBUG] GET /api/run-state -> running=True phase=clean clean_exit=None poisoned_exit=None
[2026-10-02T11:22:15.865633+05:30] [DEBUG] GET /api/comparison -> clean_clients=50 poisoned_clients=50
[2026-10-02T11:22:17.869766+05:30] [DEBUG] GET /api/metrics -> clients=25 global=6 statuses=5 phase=evaluate
[2026-10-02T11:22:19.871720+05:30] [DEBUG] GET /api/run-state -> running=True phase=clean clean_exit=None poisoned_exit=None
[2026-10-02T11:22:20.865651+05:30] [DEBUG] GET /api/comparison -> clean_clients=50 poisoned_clients=50
[2026-10-02T11:22:22.865705+05:30] [DEBUG] GET /api/metrics -> clients=25 global=6 statuses=5 phase=evaluate
[2026-10-02T11:22:25.863919+05:30] [DEBUG] GET /api/run-state -> running=True phase=clean clean_exit=None poisoned_exit=None
[2026-10-02T11:22:25.866951+05:30] [DEBUG] GET /api/comparison -> clean_clients=50 poisoned_clients=50
[2026-10-02T11:22:27.872476+05:30] [DEBUG] GET /api/metrics -> clients=25 global=6 statuses=5 phase=evaluate
[2026-10-02T11:22:30.870021+05:30] [DEBUG] GET /api/run-state -> running=True phase=clean clean_exit=None poisoned_exit=None
[2026-10-02T11:22:30.872138+05:30] [DEBUG] GET /api/comparison -> clean_clients=50 poisoned_clients=50
[2026-10-02T11:22:32.867995+05:30] [DEBUG] GET /api/metrics -> clients=25 global=6 statuses=5 phase=evaluate
[2026-10-02T11:22:36.861790+05:30] [DEBUG] GET /api/run-state -> running=True phase=clean clean_exit=None poisoned_exit=None
[2026-10-02T11:22:36.864837+05:30] [DEBUG] GET /api/comparison -> clean_clients=50 poisoned_clients=50
[2026-10-02T11:22:37.870056+05:30] [DEBUG] GET /api/metrics -> clients=25 global=6 statuses=5 phase=evaluate
[2026-10-02T11:22:41.869791+05:30] [DEBUG] GET /api/run-state -> running=True phase=clean clean_exit=None poisoned_exit=None
[2026-10-02T11:22:41.872318+05:30] [DEBUG] GET /api/comparison -> clean_clients=50 poisoned_clients=50
[2026-10-02T11:22:43.872401+05:30] [DEBUG] GET /api/metrics -> clients=25 global=6 statuses=5 phase=evaluate
[2026-10-02T11:22:46.866955+05:30] [DEBUG] GET /api/run-state -> running=True phase=clean clean_exit=None poisoned_exit=None
[2026-10-02T11:22:46.871038+05:30] [DEBUG] GET /api/comparison -> clean_clients=50 poisoned_clients=50
[2026-10-02T11:22:47.978240+05:30] [DEBUG] Clean command exited rc=0 duration=710.6s
[2026-10-02T11:22:48.055304+05:30] [DEBUG] Snapshot clean: copied metrics files to E:\FedSecureLab\results\comparison\clean and 25 client fragments.
[2026-10-02T11:22:48.055304+05:30] [INFO] Saved clean snapshot with completed metrics; it will remain available during the next run.
[2026-10-02T11:22:48.055304+05:30] [INFO] Clean experiment completed successfully.
[2026-10-02T11:22:48.055304+05:30] [INFO] Clean snapshot is preserved. Switching to poisoned experiment.
[2026-10-02T11:22:48.060988+05:30] [DEBUG] Reset transient live metrics (client fragments, status files, live CSVs, phase file).
[2026-10-02T11:22:48.062624+05:30] [INFO] Starting poisoned experiment (5 rounds).
[2026-10-02T11:22:48.062624+05:30] [INFO] Using isolated Flower runtime: dashboard-poisoned-20261002-112248-062624
[2026-10-02T11:22:48.064150+05:30] [DEBUG] Prepared runtime env for poisoned: FLWR_HOME=E:\FedSecureLab\.flwr-runs\dashboard-poisoned-20261002-112248-062624 TMP=E:\FedSecureLab\.runtime-tmp SuperLink HTTP=59870 control=59871
[2026-10-02T11:22:48.064150+05:30] [DEBUG] Launching poisoned command: E:\FedSecureLab\.venv\Scripts\python.exe -m flwr.cli.app run E:\FedSecureLab --stream --federation-config num-supernodes=5 client-resources-num-cpus=1 client-resources-num-gpus=0 --run-config num-server-rounds=5 local-epochs=1 batch-size=32 learning-rate=0.001 seed=42 poison-mode="gaussian_noise" poison-label-flip-offset=1 poison-noise-std=0.15 poison-rate-default=0 poison-rate-map="1:1.0000" poison-client-ids="1"
[2026-10-02T11:22:49.864369+05:30] [DEBUG] GET /api/metrics -> clients=0 global=0 statuses=0 phase=n/a
[2026-10-02T11:22:51.870664+05:30] [DEBUG] GET /api/run-state -> running=True phase=poisoned clean_exit=0 poisoned_exit=None
[2026-10-02T11:22:51.872402+05:30] [DEBUG] GET /api/comparison -> clean_clients=25 poisoned_clients=50
[2026-10-02T11:22:54.865436+05:30] [DEBUG] GET /api/metrics -> clients=0 global=0 statuses=0 phase=n/a
[2026-10-02T11:22:57.938372+05:30] [DEBUG] GET /api/run-state -> running=True phase=poisoned clean_exit=0 poisoned_exit=None
[2026-10-02T11:22:57.940921+05:30] [DEBUG] GET /api/comparison -> clean_clients=25 poisoned_clients=50
[2026-10-02T11:23:00.203352+05:30] [DEBUG] GET /api/metrics -> clients=0 global=0 statuses=0 phase=n/a
[2026-10-02T11:23:03.857916+05:30] [DEBUG] GET /api/run-state -> running=True phase=poisoned clean_exit=0 poisoned_exit=None
[2026-10-02T11:23:03.860438+05:30] [DEBUG] GET /api/comparison -> clean_clients=25 poisoned_clients=50
[2026-10-02T11:23:05.861240+05:30] [DEBUG] GET /api/metrics -> clients=0 global=0 statuses=0 phase=n/a
[2026-10-02T11:23:08.863795+05:30] [DEBUG] GET /api/run-state -> running=True phase=poisoned clean_exit=0 poisoned_exit=None
[2026-10-02T11:23:08.866827+05:30] [DEBUG] GET /api/comparison -> clean_clients=25 poisoned_clients=50
[2026-10-02T11:23:10.859799+05:30] [DEBUG] GET /api/metrics -> clients=0 global=0 statuses=0 phase=n/a
[2026-10-02T11:23:13.860497+05:30] [DEBUG] GET /api/run-state -> running=True phase=poisoned clean_exit=0 poisoned_exit=None
[2026-10-02T11:23:14.867672+05:30] [DEBUG] GET /api/comparison -> clean_clients=25 poisoned_clients=50
[2026-10-02T11:23:15.856417+05:30] [DEBUG] GET /api/metrics -> clients=0 global=0 statuses=0 phase=n/a
[2026-10-02T11:23:18.866367+05:30] [DEBUG] GET /api/run-state -> running=True phase=poisoned clean_exit=0 poisoned_exit=None
[2026-10-02T11:23:19.872497+05:30] [DEBUG] GET /api/comparison -> clean_clients=25 poisoned_clients=50
[2026-10-02T11:23:20.865452+05:30] [DEBUG] GET /api/metrics -> clients=0 global=0 statuses=0 phase=n/a
[2026-10-02T11:23:23.865613+05:30] [DEBUG] GET /api/run-state -> running=True phase=poisoned clean_exit=0 poisoned_exit=None
[2026-10-02T11:23:24.871931+05:30] [DEBUG] GET /api/comparison -> clean_clients=25 poisoned_clients=50
[2026-10-02T11:23:26.860639+05:30] [DEBUG] GET /api/metrics -> clients=0 global=0 statuses=0 phase=n/a
[2026-10-02T11:23:29.864265+05:30] [DEBUG] GET /api/run-state -> running=True phase=poisoned clean_exit=0 poisoned_exit=None
[2026-10-02T11:23:29.867286+05:30] [DEBUG] GET /api/comparison -> clean_clients=25 poisoned_clients=50
[2026-10-02T11:23:31.863819+05:30] [DEBUG] GET /api/metrics -> clients=0 global=0 statuses=0 phase=n/a
[2026-10-02T11:23:34.863943+05:30] [DEBUG] GET /api/run-state -> running=True phase=poisoned clean_exit=0 poisoned_exit=None
[2026-10-02T11:23:34.865454+05:30] [DEBUG] GET /api/comparison -> clean_clients=25 poisoned_clients=50
[2026-10-02T11:23:36.871847+05:30] [DEBUG] GET /api/metrics -> clients=0 global=0 statuses=0 phase=n/a
[2026-10-02T11:23:39.863828+05:30] [DEBUG] GET /api/run-state -> running=True phase=poisoned clean_exit=0 poisoned_exit=None
[2026-10-02T11:23:39.866860+05:30] [DEBUG] GET /api/comparison -> clean_clients=25 poisoned_clients=50
[2026-10-02T11:23:42.865487+05:30] [DEBUG] GET /api/metrics -> clients=0 global=0 statuses=0 phase=n/a
[2026-10-02T11:23:44.860950+05:30] [DEBUG] GET /api/run-state -> running=True phase=poisoned clean_exit=0 poisoned_exit=None
[2026-10-02T11:23:45.865607+05:30] [DEBUG] GET /api/comparison -> clean_clients=25 poisoned_clients=50
[2026-10-02T11:23:48.864635+05:30] [DEBUG] GET /api/metrics -> clients=0 global=0 statuses=0 phase=n/a
[2026-10-02T11:23:49.857406+05:30] [DEBUG] GET /api/run-state -> running=True phase=poisoned clean_exit=0 poisoned_exit=None
[2026-10-02T11:23:50.872204+05:30] [DEBUG] GET /api/comparison -> clean_clients=25 poisoned_clients=50
[2026-10-02T11:23:54.857974+05:30] [DEBUG] GET /api/run-state -> running=True phase=poisoned clean_exit=0 poisoned_exit=None
[2026-10-02T11:23:54.857974+05:30] [DEBUG] GET /api/metrics -> clients=0 global=0 statuses=0 phase=n/a
[2026-10-02T11:23:55.869335+05:30] [DEBUG] GET /api/comparison -> clean_clients=25 poisoned_clients=50
[2026-10-02T11:23:59.872220+05:30] [DEBUG] GET /api/run-state -> running=True phase=poisoned clean_exit=0 poisoned_exit=None
[2026-10-02T11:23:59.872220+05:30] [DEBUG] GET /api/metrics -> clients=0 global=0 statuses=0 phase=n/a
[2026-10-02T11:24:00.867154+05:30] [DEBUG] GET /api/comparison -> clean_clients=25 poisoned_clients=50
[2026-10-02T11:24:04.867927+05:30] [DEBUG] GET /api/run-state -> running=True phase=poisoned clean_exit=0 poisoned_exit=None
[2026-10-02T11:24:04.867927+05:30] [DEBUG] GET /api/metrics -> clients=0 global=0 statuses=0 phase=n/a
[2026-10-02T11:24:06.865167+05:30] [DEBUG] GET /api/comparison -> clean_clients=25 poisoned_clients=50
[2026-10-02T11:24:09.867719+05:30] [DEBUG] GET /api/run-state -> running=True phase=poisoned clean_exit=0 poisoned_exit=None
[2026-10-02T11:24:09.869233+05:30] [DEBUG] GET /api/metrics -> clients=0 global=0 statuses=0 phase=n/a
[2026-10-02T11:24:11.865764+05:30] [DEBUG] GET /api/comparison -> clean_clients=25 poisoned_clients=50
[2026-10-02T11:24:15.858121+05:30] [DEBUG] GET /api/run-state -> running=True phase=poisoned clean_exit=0 poisoned_exit=None
[2026-10-02T11:24:15.859634+05:30] [DEBUG] GET /api/metrics -> clients=0 global=0 statuses=0 phase=n/a
[2026-10-02T11:24:16.864797+05:30] [DEBUG] GET /api/comparison -> clean_clients=25 poisoned_clients=50
[2026-10-02T11:24:20.867327+05:30] [DEBUG] GET /api/run-state -> running=True phase=poisoned clean_exit=0 poisoned_exit=None
[2026-10-02T11:24:20.868837+05:30] [DEBUG] GET /api/metrics -> clients=0 global=0 statuses=0 phase=n/a
[2026-10-02T11:24:22.865628+05:30] [DEBUG] GET /api/comparison -> clean_clients=25 poisoned_clients=50
[2026-10-02T11:24:25.870023+05:30] [DEBUG] GET /api/run-state -> running=True phase=poisoned clean_exit=0 poisoned_exit=None
[2026-10-02T11:24:25.870535+05:30] [DEBUG] GET /api/metrics -> clients=0 global=0 statuses=0 phase=n/a
[2026-10-02T11:24:27.865684+05:30] [DEBUG] GET /api/comparison -> clean_clients=25 poisoned_clients=50
[2026-10-02T11:24:31.864878+05:30] [DEBUG] GET /api/run-state -> running=True phase=poisoned clean_exit=0 poisoned_exit=None
[2026-10-02T11:24:31.864878+05:30] [DEBUG] GET /api/metrics -> clients=0 global=0 statuses=0 phase=n/a
[2026-10-02T11:24:32.868074+05:30] [DEBUG] GET /api/comparison -> clean_clients=25 poisoned_clients=50
[2026-10-02T11:24:36.866894+05:30] [DEBUG] GET /api/run-state -> running=True phase=poisoned clean_exit=0 poisoned_exit=None
[2026-10-02T11:24:36.868591+05:30] [DEBUG] GET /api/metrics -> clients=0 global=0 statuses=0 phase=n/a
[2026-10-02T11:24:37.874196+05:30] [DEBUG] GET /api/comparison -> clean_clients=25 poisoned_clients=50
[2026-10-02T11:24:41.871174+05:30] [DEBUG] GET /api/run-state -> running=True phase=poisoned clean_exit=0 poisoned_exit=None
[2026-10-02T11:24:41.871174+05:30] [DEBUG] GET /api/metrics -> clients=0 global=0 statuses=0 phase=n/a
[2026-10-02T11:24:42.865992+05:30] [DEBUG] GET /api/comparison -> clean_clients=25 poisoned_clients=50
[2026-10-02T11:24:46.865490+05:30] [DEBUG] GET /api/run-state -> running=True phase=poisoned clean_exit=0 poisoned_exit=None
[2026-10-02T11:24:46.867006+05:30] [DEBUG] GET /api/metrics -> clients=0 global=0 statuses=0 phase=n/a
[2026-10-02T11:24:47.870573+05:30] [DEBUG] GET /api/comparison -> clean_clients=25 poisoned_clients=50
[2026-10-02T11:24:51.872394+05:30] [DEBUG] GET /api/run-state -> running=True phase=poisoned clean_exit=0 poisoned_exit=None
[2026-10-02T11:24:51.872394+05:30] [DEBUG] GET /api/metrics -> clients=0 global=0 statuses=0 phase=n/a
[2026-10-02T11:24:52.864982+05:30] [DEBUG] GET /api/comparison -> clean_clients=25 poisoned_clients=50
[2026-10-02T11:24:57.242152+05:30] [DEBUG] GET /api/run-state -> running=True phase=poisoned clean_exit=0 poisoned_exit=None
[2026-10-02T11:24:57.242152+05:30] [DEBUG] GET /api/metrics -> clients=0 global=0 statuses=0 phase=n/a
[2026-10-02T11:24:58.249819+05:30] [DEBUG] GET /api/comparison -> clean_clients=25 poisoned_clients=50
[2026-10-02T11:25:02.246165+05:30] [DEBUG] GET /api/metrics -> clients=0 global=0 statuses=0 phase=n/a
[2026-10-02T11:25:02.247199+05:30] [DEBUG] GET /api/run-state -> running=True phase=poisoned clean_exit=0 poisoned_exit=None
[2026-10-02T11:25:03.252815+05:30] [DEBUG] GET /api/comparison -> clean_clients=25 poisoned_clients=50
[2026-10-02T11:25:07.247351+05:30] [DEBUG] GET /api/run-state -> running=True phase=poisoned clean_exit=0 poisoned_exit=None
[2026-10-02T11:25:07.247351+05:30] [DEBUG] GET /api/metrics -> clients=0 global=0 statuses=0 phase=n/a
[2026-10-02T11:25:08.252317+05:30] [DEBUG] GET /api/comparison -> clean_clients=25 poisoned_clients=50
[2026-10-02T11:25:12.867212+05:30] [DEBUG] GET /api/run-state -> running=True phase=poisoned clean_exit=0 poisoned_exit=None
[2026-10-02T11:25:12.867212+05:30] [DEBUG] GET /api/metrics -> clients=0 global=0 statuses=0 phase=n/a
[2026-10-02T11:25:13.871839+05:30] [DEBUG] GET /api/comparison -> clean_clients=25 poisoned_clients=50
[2026-10-02T11:25:17.870466+05:30] [DEBUG] GET /api/run-state -> running=True phase=poisoned clean_exit=0 poisoned_exit=None
[2026-10-02T11:25:17.870466+05:30] [DEBUG] GET /api/metrics -> clients=0 global=0 statuses=0 phase=n/a
[2026-10-02T11:25:18.873293+05:30] [DEBUG] GET /api/comparison -> clean_clients=25 poisoned_clients=50
[2026-10-02T11:25:22.872426+05:30] [DEBUG] GET /api/run-state -> running=True phase=poisoned clean_exit=0 poisoned_exit=None
[2026-10-02T11:25:22.872426+05:30] [DEBUG] GET /api/metrics -> clients=0 global=0 statuses=0 phase=n/a
[2026-10-02T11:25:23.873547+05:30] [DEBUG] GET /api/comparison -> clean_clients=25 poisoned_clients=50
[2026-10-02T11:25:27.866827+05:30] [DEBUG] GET /api/run-state -> running=True phase=poisoned clean_exit=0 poisoned_exit=None
[2026-10-02T11:25:27.868337+05:30] [DEBUG] GET /api/metrics -> clients=0 global=0 statuses=0 phase=n/a
[2026-10-02T11:25:29.860306+05:30] [DEBUG] GET /api/comparison -> clean_clients=25 poisoned_clients=50
[2026-10-02T11:25:33.863342+05:30] [DEBUG] GET /api/run-state -> running=True phase=poisoned clean_exit=0 poisoned_exit=None
[2026-10-02T11:25:33.863342+05:30] [DEBUG] GET /api/metrics -> clients=0 global=0 statuses=0 phase=n/a
[2026-10-02T11:25:34.868565+05:30] [DEBUG] GET /api/comparison -> clean_clients=25 poisoned_clients=50
[2026-10-02T11:25:38.856766+05:30] [DEBUG] GET /api/run-state -> running=True phase=poisoned clean_exit=0 poisoned_exit=None
[2026-10-02T11:25:38.858277+05:30] [DEBUG] GET /api/metrics -> clients=0 global=0 statuses=0 phase=n/a
[2026-10-02T11:25:39.868379+05:30] [DEBUG] GET /api/comparison -> clean_clients=25 poisoned_clients=50
[2026-10-02T11:25:43.871948+05:30] [DEBUG] GET /api/run-state -> running=True phase=poisoned clean_exit=0 poisoned_exit=None
[2026-10-02T11:25:43.871948+05:30] [DEBUG] GET /api/metrics -> clients=0 global=0 statuses=0 phase=n/a
[2026-10-02T11:25:45.860434+05:30] [DEBUG] GET /api/comparison -> clean_clients=25 poisoned_clients=50
[2026-10-02T11:25:48.872504+05:30] [DEBUG] GET /api/run-state -> running=True phase=poisoned clean_exit=0 poisoned_exit=None
[2026-10-02T11:25:48.872504+05:30] [DEBUG] GET /api/metrics -> clients=0 global=0 statuses=0 phase=n/a
[2026-10-02T11:25:50.872540+05:30] [DEBUG] GET /api/comparison -> clean_clients=25 poisoned_clients=50
[2026-10-02T11:25:54.863505+05:30] [DEBUG] GET /api/run-state -> running=True phase=poisoned clean_exit=0 poisoned_exit=None
[2026-10-02T11:25:54.864510+05:30] [DEBUG] GET /api/metrics -> clients=0 global=0 statuses=0 phase=n/a
[2026-10-02T11:25:55.865668+05:30] [DEBUG] GET /api/comparison -> clean_clients=25 poisoned_clients=50
[2026-10-02T11:25:59.865104+05:30] [DEBUG] GET /api/metrics -> clients=0 global=0 statuses=0 phase=n/a
[2026-10-02T11:25:59.865104+05:30] [DEBUG] GET /api/run-state -> running=True phase=poisoned clean_exit=0 poisoned_exit=None
[2026-10-02T11:26:00.870324+05:30] [DEBUG] GET /api/comparison -> clean_clients=25 poisoned_clients=50
[2026-10-02T11:26:04.867306+05:30] [DEBUG] GET /api/run-state -> running=True phase=poisoned clean_exit=0 poisoned_exit=None
[2026-10-02T11:26:04.868819+05:30] [DEBUG] GET /api/metrics -> clients=0 global=0 statuses=0 phase=n/a
[2026-10-02T11:26:05.872260+05:30] [DEBUG] GET /api/comparison -> clean_clients=25 poisoned_clients=50
[2026-10-02T11:26:10.858270+05:30] [DEBUG] GET /api/run-state -> running=True phase=poisoned clean_exit=0 poisoned_exit=None
[2026-10-02T11:26:10.859784+05:30] [DEBUG] GET /api/metrics -> clients=0 global=0 statuses=0 phase=n/a
[2026-10-02T11:26:11.868712+05:30] [DEBUG] GET /api/comparison -> clean_clients=25 poisoned_clients=50
[2026-10-02T11:26:15.864999+05:30] [DEBUG] GET /api/run-state -> running=True phase=poisoned clean_exit=0 poisoned_exit=None
[2026-10-02T11:26:15.864999+05:30] [DEBUG] GET /api/metrics -> clients=0 global=0 statuses=0 phase=n/a
[2026-10-02T11:26:16.868634+05:30] [DEBUG] GET /api/comparison -> clean_clients=25 poisoned_clients=50
[2026-10-02T11:26:20.872404+05:30] [DEBUG] GET /api/run-state -> running=True phase=poisoned clean_exit=0 poisoned_exit=None
[2026-10-02T11:26:20.873915+05:30] [DEBUG] GET /api/metrics -> clients=0 global=0 statuses=0 phase=n/a
[2026-10-02T11:26:22.872725+05:30] [DEBUG] GET /api/comparison -> clean_clients=25 poisoned_clients=50
[2026-10-02T11:26:26.872247+05:30] [DEBUG] GET /api/run-state -> running=True phase=poisoned clean_exit=0 poisoned_exit=None
[2026-10-02T11:26:26.872247+05:30] [DEBUG] GET /api/metrics -> clients=0 global=0 statuses=0 phase=n/a
[2026-10-02T11:26:28.866814+05:30] [DEBUG] GET /api/comparison -> clean_clients=25 poisoned_clients=50
[2026-10-02T11:26:32.866445+05:30] [DEBUG] GET /api/run-state -> running=True phase=poisoned clean_exit=0 poisoned_exit=None
[2026-10-02T11:26:32.867960+05:30] [DEBUG] GET /api/metrics -> clients=0 global=0 statuses=0 phase=n/a
[2026-10-02T11:26:34.867119+05:30] [DEBUG] GET /api/comparison -> clean_clients=25 poisoned_clients=50
[2026-10-02T11:26:38.863907+05:30] [DEBUG] GET /api/run-state -> running=True phase=poisoned clean_exit=0 poisoned_exit=None
[2026-10-02T11:26:38.863907+05:30] [DEBUG] GET /api/metrics -> clients=0 global=0 statuses=0 phase=n/a
[2026-10-02T11:26:39.867525+05:30] [DEBUG] GET /api/comparison -> clean_clients=25 poisoned_clients=50
[2026-10-02T11:26:43.862725+05:30] [DEBUG] GET /api/run-state -> running=True phase=poisoned clean_exit=0 poisoned_exit=None
[2026-10-02T11:26:43.862725+05:30] [DEBUG] GET /api/metrics -> clients=0 global=0 statuses=0 phase=n/a
[2026-10-02T11:26:44.868698+05:30] [DEBUG] GET /api/comparison -> clean_clients=25 poisoned_clients=50
[2026-10-02T11:26:48.870488+05:30] [DEBUG] GET /api/run-state -> running=True phase=poisoned clean_exit=0 poisoned_exit=None
[2026-10-02T11:26:48.870891+05:30] [DEBUG] GET /api/metrics -> clients=0 global=0 statuses=0 phase=n/a
[2026-10-02T11:26:50.863986+05:30] [DEBUG] GET /api/comparison -> clean_clients=25 poisoned_clients=50
[2026-10-02T11:26:53.866992+05:30] [DEBUG] GET /api/run-state -> running=True phase=poisoned clean_exit=0 poisoned_exit=None
[2026-10-02T11:26:53.866992+05:30] [DEBUG] GET /api/metrics -> clients=0 global=0 statuses=0 phase=n/a
[2026-10-02T11:26:55.864111+05:30] [DEBUG] GET /api/comparison -> clean_clients=25 poisoned_clients=50
[2026-10-02T11:26:58.867415+05:30] [DEBUG] GET /api/run-state -> running=True phase=poisoned clean_exit=0 poisoned_exit=None
[2026-10-02T11:26:58.867415+05:30] [DEBUG] GET /api/metrics -> clients=0 global=0 statuses=0 phase=n/a
[2026-10-02T11:27:00.862566+05:30] [DEBUG] GET /api/comparison -> clean_clients=25 poisoned_clients=50
[2026-10-02T11:27:04.866679+05:30] [DEBUG] GET /api/run-state -> running=True phase=poisoned clean_exit=0 poisoned_exit=None
[2026-10-02T11:27:04.867183+05:30] [DEBUG] GET /api/metrics -> clients=0 global=0 statuses=0 phase=n/a
[2026-10-02T11:27:05.870290+05:30] [DEBUG] GET /api/comparison -> clean_clients=25 poisoned_clients=50
[2026-10-02T11:27:10.963821+05:30] [DEBUG] GET /api/run-state -> running=True phase=poisoned clean_exit=0 poisoned_exit=None
[2026-10-02T11:27:10.963821+05:30] [DEBUG] GET /api/metrics -> clients=0 global=0 statuses=0 phase=n/a
[2026-10-02T11:27:10.965334+05:30] [DEBUG] GET /api/comparison -> clean_clients=25 poisoned_clients=50
[2026-10-02T11:27:16.858249+05:30] [DEBUG] GET /api/run-state -> running=True phase=poisoned clean_exit=0 poisoned_exit=None
[2026-10-02T11:27:16.858249+05:30] [DEBUG] GET /api/metrics -> clients=0 global=0 statuses=0 phase=n/a
[2026-10-02T11:27:16.860276+05:30] [DEBUG] GET /api/comparison -> clean_clients=25 poisoned_clients=50
[2026-10-02T11:27:21.860979+05:30] [DEBUG] GET /api/run-state -> running=True phase=poisoned clean_exit=0 poisoned_exit=None
[2026-10-02T11:27:21.862494+05:30] [DEBUG] GET /api/metrics -> clients=0 global=0 statuses=0 phase=n/a
[2026-10-02T11:27:21.864004+05:30] [DEBUG] GET /api/comparison -> clean_clients=25 poisoned_clients=50
[2026-10-02T11:27:26.865692+05:30] [DEBUG] GET /api/metrics -> clients=0 global=0 statuses=0 phase=n/a
[2026-10-02T11:27:26.865692+05:30] [DEBUG] GET /api/run-state -> running=True phase=poisoned clean_exit=0 poisoned_exit=None
[2026-10-02T11:27:26.867205+05:30] [DEBUG] GET /api/comparison -> clean_clients=25 poisoned_clients=50
[2026-10-02T11:27:32.868387+05:30] [DEBUG] GET /api/run-state -> running=True phase=poisoned clean_exit=0 poisoned_exit=None
[2026-10-02T11:27:32.870008+05:30] [DEBUG] GET /api/metrics -> clients=0 global=0 statuses=0 phase=n/a
[2026-10-02T11:27:32.871044+05:30] [DEBUG] GET /api/comparison -> clean_clients=25 poisoned_clients=50
[2026-10-02T11:27:38.245466+05:30] [DEBUG] GET /api/run-state -> running=True phase=poisoned clean_exit=0 poisoned_exit=None
[2026-10-02T11:27:38.245466+05:30] [DEBUG] GET /api/metrics -> clients=0 global=0 statuses=0 phase=n/a
[2026-10-02T11:27:38.248486+05:30] [DEBUG] GET /api/comparison -> clean_clients=25 poisoned_clients=50
[2026-10-02T11:27:43.858202+05:30] [DEBUG] GET /api/run-state -> running=True phase=poisoned clean_exit=0 poisoned_exit=None
[2026-10-02T11:27:43.858202+05:30] [DEBUG] GET /api/metrics -> clients=0 global=0 statuses=0 phase=n/a
[2026-10-02T11:27:43.860749+05:30] [DEBUG] GET /api/comparison -> clean_clients=25 poisoned_clients=50
[2026-10-02T11:27:48.865020+05:30] [DEBUG] GET /api/run-state -> running=True phase=poisoned clean_exit=0 poisoned_exit=None
[2026-10-02T11:27:48.865020+05:30] [DEBUG] GET /api/metrics -> clients=0 global=0 statuses=0 phase=n/a
[2026-10-02T11:27:48.868047+05:30] [DEBUG] GET /api/comparison -> clean_clients=25 poisoned_clients=50
[2026-10-02T11:27:53.865142+05:30] [DEBUG] GET /api/comparison -> clean_clients=25 poisoned_clients=50
[2026-10-02T11:27:54.865721+05:30] [DEBUG] GET /api/run-state -> running=True phase=poisoned clean_exit=0 poisoned_exit=None
[2026-10-02T11:27:54.866227+05:30] [DEBUG] GET /api/metrics -> clients=0 global=0 statuses=0 phase=n/a
[2026-10-02T11:27:58.868810+05:30] [DEBUG] GET /api/comparison -> clean_clients=25 poisoned_clients=50
[2026-10-02T11:28:00.857354+05:30] [DEBUG] GET /api/run-state -> running=True phase=poisoned clean_exit=0 poisoned_exit=None
[2026-10-02T11:28:00.858866+05:30] [DEBUG] GET /api/metrics -> clients=0 global=0 statuses=0 phase=n/a
[2026-10-02T11:28:03.870582+05:30] [DEBUG] GET /api/comparison -> clean_clients=25 poisoned_clients=50
[2026-10-02T11:28:05.862363+05:30] [DEBUG] GET /api/run-state -> running=True phase=poisoned clean_exit=0 poisoned_exit=None
[2026-10-02T11:28:05.862363+05:30] [DEBUG] GET /api/metrics -> clients=0 global=0 statuses=0 phase=n/a
[2026-10-02T11:28:09.862564+05:30] [DEBUG] GET /api/comparison -> clean_clients=25 poisoned_clients=50
[2026-10-02T11:28:10.863483+05:30] [DEBUG] GET /api/run-state -> running=True phase=poisoned clean_exit=0 poisoned_exit=None
[2026-10-02T11:28:10.863483+05:30] [DEBUG] GET /api/metrics -> clients=0 global=0 statuses=0 phase=n/a
[2026-10-02T11:28:14.870636+05:30] [DEBUG] GET /api/comparison -> clean_clients=25 poisoned_clients=50
[2026-10-02T11:28:15.867373+05:30] [DEBUG] GET /api/run-state -> running=True phase=poisoned clean_exit=0 poisoned_exit=None
[2026-10-02T11:28:15.867373+05:30] [DEBUG] GET /api/metrics -> clients=0 global=0 statuses=0 phase=n/a
[2026-10-02T11:28:19.866520+05:30] [DEBUG] GET /api/comparison -> clean_clients=25 poisoned_clients=50
[2026-10-02T11:28:20.868155+05:30] [DEBUG] GET /api/run-state -> running=True phase=poisoned clean_exit=0 poisoned_exit=None
[2026-10-02T11:28:20.869671+05:30] [DEBUG] GET /api/metrics -> clients=0 global=0 statuses=0 phase=n/a
[2026-10-02T11:28:25.870489+05:30] [DEBUG] GET /api/run-state -> running=True phase=poisoned clean_exit=0 poisoned_exit=None
[2026-10-02T11:28:25.870489+05:30] [DEBUG] GET /api/metrics -> clients=0 global=0 statuses=0 phase=n/a
[2026-10-02T11:28:25.873586+05:30] [DEBUG] GET /api/comparison -> clean_clients=25 poisoned_clients=50
[2026-10-02T11:28:30.867159+05:30] [DEBUG] GET /api/run-state -> running=True phase=poisoned clean_exit=0 poisoned_exit=None
[2026-10-02T11:28:30.868673+05:30] [DEBUG] GET /api/metrics -> clients=0 global=0 statuses=0 phase=n/a
[2026-10-02T11:28:30.869680+05:30] [DEBUG] GET /api/comparison -> clean_clients=25 poisoned_clients=50
[2026-10-02T11:28:35.864951+05:30] [DEBUG] GET /api/run-state -> running=True phase=poisoned clean_exit=0 poisoned_exit=None
[2026-10-02T11:28:35.864951+05:30] [DEBUG] GET /api/metrics -> clients=0 global=0 statuses=0 phase=n/a
[2026-10-02T11:28:35.866465+05:30] [DEBUG] GET /api/comparison -> clean_clients=25 poisoned_clients=50
[2026-10-02T11:28:40.871399+05:30] [DEBUG] GET /api/run-state -> running=True phase=poisoned clean_exit=0 poisoned_exit=None
[2026-10-02T11:28:40.871912+05:30] [DEBUG] GET /api/metrics -> clients=0 global=0 statuses=0 phase=n/a
[2026-10-02T11:28:40.873426+05:30] [DEBUG] GET /api/comparison -> clean_clients=25 poisoned_clients=50
[2026-10-02T11:28:46.865035+05:30] [DEBUG] GET /api/run-state -> running=True phase=poisoned clean_exit=0 poisoned_exit=None
[2026-10-02T11:28:46.866549+05:30] [DEBUG] GET /api/metrics -> clients=0 global=0 statuses=0 phase=n/a
[2026-10-02T11:28:46.868060+05:30] [DEBUG] GET /api/comparison -> clean_clients=25 poisoned_clients=50
[2026-10-02T11:28:51.866583+05:30] [DEBUG] GET /api/run-state -> running=True phase=poisoned clean_exit=0 poisoned_exit=None
[2026-10-02T11:28:51.866583+05:30] [DEBUG] GET /api/metrics -> clients=0 global=0 statuses=0 phase=n/a
[2026-10-02T11:28:51.868104+05:30] [DEBUG] GET /api/comparison -> clean_clients=25 poisoned_clients=50
[2026-10-02T11:28:56.865532+05:30] [DEBUG] GET /api/metrics -> clients=0 global=0 statuses=0 phase=n/a
[2026-10-02T11:28:56.867054+05:30] [DEBUG] GET /api/run-state -> running=True phase=poisoned clean_exit=0 poisoned_exit=None
[2026-10-02T11:28:56.868565+05:30] [DEBUG] GET /api/comparison -> clean_clients=25 poisoned_clients=50
[2026-10-02T11:29:01.865402+05:30] [DEBUG] GET /api/run-state -> running=True phase=poisoned clean_exit=0 poisoned_exit=None
[2026-10-02T11:29:01.866919+05:30] [DEBUG] GET /api/metrics -> clients=0 global=0 statuses=0 phase=n/a
[2026-10-02T11:29:01.868434+05:30] [DEBUG] GET /api/comparison -> clean_clients=25 poisoned_clients=50
[2026-10-02T11:29:06.871744+05:30] [DEBUG] GET /api/run-state -> running=True phase=poisoned clean_exit=0 poisoned_exit=None
[2026-10-02T11:29:06.873260+05:30] [DEBUG] GET /api/metrics -> clients=0 global=0 statuses=0 phase=n/a
[2026-10-02T11:29:06.874772+05:30] [DEBUG] GET /api/comparison -> clean_clients=25 poisoned_clients=50
[2026-10-02T11:29:11.869632+05:30] [DEBUG] GET /api/run-state -> running=True phase=poisoned clean_exit=0 poisoned_exit=None
[2026-10-02T11:29:11.870643+05:30] [DEBUG] GET /api/metrics -> clients=0 global=0 statuses=0 phase=n/a
[2026-10-02T11:29:11.872340+05:30] [DEBUG] GET /api/comparison -> clean_clients=25 poisoned_clients=50
[2026-10-02T11:29:16.867171+05:30] [DEBUG] GET /api/run-state -> running=True phase=poisoned clean_exit=0 poisoned_exit=None
[2026-10-02T11:29:16.868683+05:30] [DEBUG] GET /api/metrics -> clients=0 global=0 statuses=0 phase=n/a
[2026-10-02T11:29:16.870705+05:30] [DEBUG] GET /api/comparison -> clean_clients=25 poisoned_clients=50
[2026-10-02T11:29:21.865037+05:30] [DEBUG] GET /api/run-state -> running=True phase=poisoned clean_exit=0 poisoned_exit=None
[2026-10-02T11:29:21.866555+05:30] [DEBUG] GET /api/metrics -> clients=0 global=0 statuses=0 phase=n/a
[2026-10-02T11:29:21.868066+05:30] [DEBUG] GET /api/comparison -> clean_clients=25 poisoned_clients=50
[2026-10-02T11:29:27.863953+05:30] [DEBUG] GET /api/run-state -> running=True phase=poisoned clean_exit=0 poisoned_exit=None
[2026-10-02T11:29:27.863953+05:30] [DEBUG] GET /api/metrics -> clients=0 global=0 statuses=0 phase=n/a
[2026-10-02T11:29:27.865475+05:30] [DEBUG] GET /api/comparison -> clean_clients=25 poisoned_clients=50
[2026-10-02T11:29:32.869799+05:30] [DEBUG] GET /api/run-state -> running=True phase=poisoned clean_exit=0 poisoned_exit=None
[2026-10-02T11:29:32.870303+05:30] [DEBUG] GET /api/metrics -> clients=0 global=0 statuses=0 phase=n/a
[2026-10-02T11:29:32.871817+05:30] [DEBUG] GET /api/comparison -> clean_clients=25 poisoned_clients=50
[2026-10-02T11:29:38.862021+05:30] [DEBUG] GET /api/run-state -> running=True phase=poisoned clean_exit=0 poisoned_exit=None
[2026-10-02T11:29:38.863850+05:30] [DEBUG] GET /api/metrics -> clients=0 global=0 statuses=0 phase=n/a
[2026-10-02T11:29:38.865361+05:30] [DEBUG] GET /api/comparison -> clean_clients=25 poisoned_clients=50
[2026-10-02T11:29:43.859440+05:30] [DEBUG] GET /api/run-state -> running=True phase=poisoned clean_exit=0 poisoned_exit=None
[2026-10-02T11:29:43.859440+05:30] [DEBUG] GET /api/metrics -> clients=0 global=0 statuses=0 phase=n/a
[2026-10-02T11:29:44.859408+05:30] [DEBUG] GET /api/comparison -> clean_clients=25 poisoned_clients=50
[2026-10-02T11:29:48.858457+05:30] [DEBUG] GET /api/run-state -> running=True phase=poisoned clean_exit=0 poisoned_exit=None
[2026-10-02T11:29:48.858457+05:30] [DEBUG] GET /api/metrics -> clients=0 global=0 statuses=0 phase=n/a
[2026-10-02T11:29:49.872265+05:30] [DEBUG] GET /api/comparison -> clean_clients=25 poisoned_clients=50
[2026-10-02T11:29:53.872504+05:30] [DEBUG] GET /api/run-state -> running=True phase=poisoned clean_exit=0 poisoned_exit=None
[2026-10-02T11:29:53.872504+05:30] [DEBUG] GET /api/metrics -> clients=0 global=0 statuses=0 phase=n/a
[2026-10-02T11:29:55.869699+05:30] [DEBUG] GET /api/comparison -> clean_clients=25 poisoned_clients=50
[2026-10-02T11:29:59.864212+05:30] [DEBUG] GET /api/run-state -> running=True phase=poisoned clean_exit=0 poisoned_exit=None
[2026-10-02T11:29:59.864212+05:30] [DEBUG] GET /api/metrics -> clients=0 global=0 statuses=0 phase=n/a
[2026-10-02T11:30:01.871952+05:30] [DEBUG] GET /api/comparison -> clean_clients=25 poisoned_clients=50
[2026-10-02T11:30:04.890627+05:30] [DEBUG] GET /api/metrics -> clients=0 global=0 statuses=0 phase=n/a
[2026-10-02T11:30:04.894986+05:30] [DEBUG] GET /api/run-state -> running=True phase=poisoned clean_exit=0 poisoned_exit=None
[2026-10-02T11:30:06.870904+05:30] [DEBUG] GET /api/comparison -> clean_clients=25 poisoned_clients=50
[2026-10-02T11:30:10.871171+05:30] [DEBUG] GET /api/metrics -> clients=0 global=0 statuses=0 phase=n/a
[2026-10-02T11:30:10.877246+05:30] [DEBUG] GET /api/run-state -> running=True phase=poisoned clean_exit=0 poisoned_exit=None
[2026-10-02T11:30:12.867769+05:30] [DEBUG] GET /api/comparison -> clean_clients=25 poisoned_clients=50
[2026-10-02T11:30:15.873726+05:30] [DEBUG] GET /api/run-state -> running=True phase=poisoned clean_exit=0 poisoned_exit=None
[2026-10-02T11:30:15.875256+05:30] [DEBUG] GET /api/metrics -> clients=0 global=0 statuses=0 phase=n/a
[2026-10-02T11:30:17.866646+05:30] [DEBUG] GET /api/comparison -> clean_clients=25 poisoned_clients=50
[2026-10-02T11:30:21.863953+05:30] [DEBUG] GET /api/run-state -> running=True phase=poisoned clean_exit=0 poisoned_exit=None
[2026-10-02T11:30:21.865465+05:30] [DEBUG] GET /api/metrics -> clients=0 global=0 statuses=0 phase=n/a
[2026-10-02T11:30:22.865430+05:30] [DEBUG] GET /api/comparison -> clean_clients=25 poisoned_clients=50
[2026-10-02T11:30:26.860594+05:30] [DEBUG] GET /api/run-state -> running=True phase=poisoned clean_exit=0 poisoned_exit=None
[2026-10-02T11:30:27.858360+05:30] [DEBUG] GET /api/metrics -> clients=0 global=0 statuses=0 phase=n/a
[2026-10-02T11:30:28.865509+05:30] [DEBUG] GET /api/comparison -> clean_clients=25 poisoned_clients=50
[2026-10-02T11:30:32.248118+05:30] [DEBUG] GET /api/run-state -> running=True phase=poisoned clean_exit=0 poisoned_exit=None
[2026-10-02T11:30:33.253701+05:30] [DEBUG] GET /api/metrics -> clients=0 global=0 statuses=0 phase=n/a
[2026-10-02T11:30:34.260530+05:30] [DEBUG] GET /api/comparison -> clean_clients=25 poisoned_clients=50
[2026-10-02T11:30:37.242620+05:30] [DEBUG] GET /api/run-state -> running=True phase=poisoned clean_exit=0 poisoned_exit=None
[2026-10-02T11:30:38.870128+05:30] [DEBUG] GET /api/metrics -> clients=0 global=0 statuses=0 phase=n/a
[2026-10-02T11:30:39.873744+05:30] [DEBUG] GET /api/comparison -> clean_clients=25 poisoned_clients=50
[2026-10-02T11:30:42.856954+05:30] [DEBUG] GET /api/run-state -> running=True phase=poisoned clean_exit=0 poisoned_exit=None
[2026-10-02T11:30:44.865219+05:30] [DEBUG] GET /api/metrics -> clients=0 global=0 statuses=0 phase=n/a
[2026-10-02T11:30:44.867254+05:30] [DEBUG] GET /api/comparison -> clean_clients=25 poisoned_clients=50
[2026-10-02T11:30:47.865227+05:30] [DEBUG] GET /api/run-state -> running=True phase=poisoned clean_exit=0 poisoned_exit=None
[2026-10-02T11:30:49.870248+05:30] [DEBUG] GET /api/metrics -> clients=0 global=0 statuses=0 phase=n/a
[2026-10-02T11:30:49.871773+05:30] [DEBUG] GET /api/comparison -> clean_clients=25 poisoned_clients=50
[2026-10-02T11:30:53.861563+05:30] [DEBUG] GET /api/run-state -> running=True phase=poisoned clean_exit=0 poisoned_exit=None
[2026-10-02T11:30:54.865466+05:30] [DEBUG] GET /api/metrics -> clients=0 global=0 statuses=0 phase=n/a
[2026-10-02T11:30:54.867652+05:30] [DEBUG] GET /api/comparison -> clean_clients=25 poisoned_clients=50
[2026-10-02T11:30:58.865511+05:30] [DEBUG] GET /api/run-state -> running=True phase=poisoned clean_exit=0 poisoned_exit=None
[2026-10-02T11:30:59.866463+05:30] [DEBUG] GET /api/metrics -> clients=0 global=0 statuses=0 phase=n/a
[2026-10-02T11:30:59.869487+05:30] [DEBUG] GET /api/comparison -> clean_clients=25 poisoned_clients=50
[2026-10-02T11:31:04.866991+05:30] [DEBUG] GET /api/metrics -> clients=0 global=0 statuses=0 phase=n/a
[2026-10-02T11:31:04.866991+05:30] [DEBUG] GET /api/run-state -> running=True phase=poisoned clean_exit=0 poisoned_exit=None
[2026-10-02T11:31:04.870779+05:30] [DEBUG] GET /api/comparison -> clean_clients=25 poisoned_clients=50
[2026-10-02T11:31:09.864845+05:30] [DEBUG] GET /api/comparison -> clean_clients=25 poisoned_clients=50
[2026-10-02T11:31:10.866981+05:30] [DEBUG] GET /api/run-state -> running=True phase=poisoned clean_exit=0 poisoned_exit=None
[2026-10-02T11:31:10.866981+05:30] [DEBUG] GET /api/metrics -> clients=0 global=0 statuses=0 phase=broadcast
[2026-10-02T11:31:14.869639+05:30] [DEBUG] GET /api/comparison -> clean_clients=25 poisoned_clients=50
[2026-10-02T11:31:16.865013+05:30] [DEBUG] GET /api/run-state -> running=True phase=poisoned clean_exit=0 poisoned_exit=None
[2026-10-02T11:31:16.866530+05:30] [DEBUG] GET /api/metrics -> clients=0 global=1 statuses=0 phase=evaluate
[2026-10-02T11:31:19.870590+05:30] [DEBUG] GET /api/comparison -> clean_clients=25 poisoned_clients=50
[2026-10-02T11:31:21.865465+05:30] [DEBUG] GET /api/metrics -> clients=0 global=1 statuses=0 phase=evaluate
[2026-10-02T11:31:22.868293+05:30] [DEBUG] GET /api/run-state -> running=True phase=poisoned clean_exit=0 poisoned_exit=None
[2026-10-02T11:31:24.867914+05:30] [DEBUG] GET /api/comparison -> clean_clients=25 poisoned_clients=50
[2026-10-02T11:31:27.865452+05:30] [DEBUG] GET /api/metrics -> clients=0 global=1 statuses=0 phase=evaluate
[2026-10-02T11:31:28.884769+05:30] [DEBUG] GET /api/run-state -> running=True phase=poisoned clean_exit=0 poisoned_exit=None
[2026-10-02T11:31:29.866761+05:30] [DEBUG] GET /api/comparison -> clean_clients=25 poisoned_clients=50
[2026-10-02T11:31:33.868260+05:30] [DEBUG] GET /api/metrics -> clients=0 global=1 statuses=0 phase=evaluate
[2026-10-02T11:31:33.880591+05:30] [DEBUG] GET /api/run-state -> running=True phase=poisoned clean_exit=0 poisoned_exit=None
[2026-10-02T11:31:35.862465+05:30] [DEBUG] GET /api/comparison -> clean_clients=25 poisoned_clients=50
[2026-10-02T11:31:38.866361+05:30] [DEBUG] GET /api/metrics -> clients=0 global=1 statuses=0 phase=evaluate
[2026-10-02T11:31:39.880241+05:30] [DEBUG] GET /api/run-state -> running=True phase=poisoned clean_exit=0 poisoned_exit=None
[2026-10-02T11:31:40.875758+05:30] [DEBUG] GET /api/comparison -> clean_clients=25 poisoned_clients=50
[2026-10-02T11:31:43.878132+05:30] [DEBUG] GET /api/metrics -> clients=0 global=1 statuses=0 phase=evaluate
[2026-10-02T11:31:45.862669+05:30] [DEBUG] GET /api/run-state -> running=True phase=poisoned clean_exit=0 poisoned_exit=None
[2026-10-02T11:31:45.865711+05:30] [DEBUG] GET /api/comparison -> clean_clients=25 poisoned_clients=50
[2026-10-02T11:31:48.870983+05:30] [DEBUG] GET /api/metrics -> clients=0 global=1 statuses=0 phase=evaluate
[2026-10-02T11:31:50.868037+05:30] [DEBUG] GET /api/run-state -> running=True phase=poisoned clean_exit=0 poisoned_exit=None
[2026-10-02T11:31:50.871069+05:30] [DEBUG] GET /api/comparison -> clean_clients=25 poisoned_clients=50
[2026-10-02T11:31:53.869075+05:30] [DEBUG] GET /api/metrics -> clients=0 global=1 statuses=0 phase=evaluate
[2026-10-02T11:31:55.866807+05:30] [DEBUG] GET /api/comparison -> clean_clients=25 poisoned_clients=50
[2026-10-02T11:31:56.880528+05:30] [DEBUG] GET /api/run-state -> running=True phase=poisoned clean_exit=0 poisoned_exit=None
[2026-10-02T11:31:58.871950+05:30] [DEBUG] GET /api/metrics -> clients=0 global=1 statuses=0 phase=evaluate
[2026-10-02T11:32:00.873163+05:30] [DEBUG] GET /api/comparison -> clean_clients=25 poisoned_clients=50
[2026-10-02T11:32:02.874917+05:30] [DEBUG] GET /api/run-state -> running=True phase=poisoned clean_exit=0 poisoned_exit=None
[2026-10-02T11:32:03.873478+05:30] [DEBUG] GET /api/metrics -> clients=0 global=1 statuses=0 phase=evaluate
[2026-10-02T11:32:05.865702+05:30] [DEBUG] GET /api/comparison -> clean_clients=25 poisoned_clients=50
[2026-10-02T11:32:08.860320+05:30] [DEBUG] GET /api/run-state -> running=True phase=poisoned clean_exit=0 poisoned_exit=None
[2026-10-02T11:32:09.863819+05:30] [DEBUG] GET /api/metrics -> clients=0 global=1 statuses=0 phase=evaluate
[2026-10-02T11:32:11.057446+05:30] [DEBUG] GET /api/comparison -> clean_clients=25 poisoned_clients=50
[2026-10-02T11:32:13.872419+05:30] [DEBUG] GET /api/run-state -> running=True phase=poisoned clean_exit=0 poisoned_exit=None
[2026-10-02T11:32:14.870647+05:30] [DEBUG] GET /api/metrics -> clients=0 global=1 statuses=0 phase=evaluate
[2026-10-02T11:32:16.861934+05:30] [DEBUG] GET /api/comparison -> clean_clients=25 poisoned_clients=50
[2026-10-02T11:32:19.860923+05:30] [DEBUG] GET /api/run-state -> running=True phase=poisoned clean_exit=0 poisoned_exit=None
[2026-10-02T11:32:20.860893+05:30] [DEBUG] GET /api/metrics -> clients=0 global=1 statuses=0 phase=evaluate
[2026-10-02T11:32:21.880270+05:30] [DEBUG] GET /api/comparison -> clean_clients=25 poisoned_clients=50
[2026-10-02T11:32:24.862576+05:30] [DEBUG] GET /api/run-state -> running=True phase=poisoned clean_exit=0 poisoned_exit=None
[2026-10-02T11:32:25.870323+05:30] [DEBUG] GET /api/metrics -> clients=0 global=1 statuses=0 phase=evaluate
[2026-10-02T11:32:27.864242+05:30] [DEBUG] GET /api/comparison -> clean_clients=25 poisoned_clients=50
[2026-10-02T11:32:29.867302+05:30] [DEBUG] GET /api/run-state -> running=True phase=poisoned clean_exit=0 poisoned_exit=None
[2026-10-02T11:32:30.870642+05:30] [DEBUG] GET /api/metrics -> clients=0 global=1 statuses=0 phase=evaluate
[2026-10-02T11:32:32.866590+05:30] [DEBUG] GET /api/comparison -> clean_clients=25 poisoned_clients=50
[2026-10-02T11:32:35.856793+05:30] [DEBUG] GET /api/run-state -> running=True phase=poisoned clean_exit=0 poisoned_exit=None
[2026-10-02T11:32:36.876684+05:30] [DEBUG] GET /api/metrics -> clients=0 global=1 statuses=0 phase=evaluate
[2026-10-02T11:32:37.877167+05:30] [DEBUG] GET /api/comparison -> clean_clients=25 poisoned_clients=50
[2026-10-02T11:32:40.865149+05:30] [DEBUG] GET /api/run-state -> running=True phase=poisoned clean_exit=0 poisoned_exit=None
[2026-10-02T11:32:42.865137+05:30] [DEBUG] GET /api/metrics -> clients=0 global=1 statuses=0 phase=evaluate
[2026-10-02T11:32:42.866659+05:30] [DEBUG] GET /api/comparison -> clean_clients=25 poisoned_clients=50
[2026-10-02T11:32:46.860335+05:30] [DEBUG] GET /api/run-state -> running=True phase=poisoned clean_exit=0 poisoned_exit=None
[2026-10-02T11:32:48.879874+05:30] [DEBUG] GET /api/metrics -> clients=0 global=1 statuses=5 phase=train
[2026-10-02T11:32:48.880927+05:30] [DEBUG] GET /api/comparison -> clean_clients=25 poisoned_clients=50
[2026-10-02T11:32:51.858024+05:30] [DEBUG] GET /api/run-state -> running=True phase=poisoned clean_exit=0 poisoned_exit=None
[2026-10-02T11:32:53.875324+05:30] [DEBUG] GET /api/metrics -> clients=0 global=1 statuses=5 phase=train
[2026-10-02T11:32:54.864361+05:30] [DEBUG] GET /api/comparison -> clean_clients=25 poisoned_clients=50
[2026-10-02T11:32:56.870773+05:30] [DEBUG] GET /api/run-state -> running=True phase=poisoned clean_exit=0 poisoned_exit=None
[2026-10-02T11:32:58.871333+05:30] [DEBUG] GET /api/metrics -> clients=0 global=1 statuses=5 phase=train
[2026-10-02T11:32:59.868531+05:30] [DEBUG] GET /api/comparison -> clean_clients=25 poisoned_clients=50
[2026-10-02T11:33:01.962742+05:30] [DEBUG] GET /api/run-state -> running=True phase=poisoned clean_exit=0 poisoned_exit=None
[2026-10-02T11:33:03.873588+05:30] [DEBUG] GET /api/metrics -> clients=0 global=1 statuses=5 phase=train
[2026-10-02T11:33:04.874924+05:30] [DEBUG] GET /api/comparison -> clean_clients=25 poisoned_clients=50
[2026-10-02T11:33:07.866674+05:30] [DEBUG] GET /api/run-state -> running=True phase=poisoned clean_exit=0 poisoned_exit=None
[2026-10-02T11:33:08.868662+05:30] [DEBUG] GET /api/metrics -> clients=5 global=1 statuses=5 phase=aggregate
[2026-10-02T11:33:09.878116+05:30] [DEBUG] GET /api/comparison -> clean_clients=25 poisoned_clients=50
[2026-10-02T11:33:12.868142+05:30] [DEBUG] GET /api/run-state -> running=True phase=poisoned clean_exit=0 poisoned_exit=None
[2026-10-02T11:33:13.887155+05:30] [DEBUG] GET /api/metrics -> clients=5 global=2 statuses=5 phase=train
[2026-10-02T11:33:14.869466+05:30] [DEBUG] GET /api/comparison -> clean_clients=25 poisoned_clients=50
[2026-10-02T11:33:17.873748+05:30] [DEBUG] GET /api/run-state -> running=True phase=poisoned clean_exit=0 poisoned_exit=None
[2026-10-02T11:33:18.885197+05:30] [DEBUG] GET /api/metrics -> clients=5 global=2 statuses=5 phase=train
[2026-10-02T11:33:19.889678+05:30] [DEBUG] GET /api/comparison -> clean_clients=25 poisoned_clients=50
[2026-10-02T11:33:22.870182+05:30] [DEBUG] GET /api/run-state -> running=True phase=poisoned clean_exit=0 poisoned_exit=None
[2026-10-02T11:33:23.949476+05:30] [DEBUG] GET /api/metrics -> clients=9 global=2 statuses=5 phase=train
[2026-10-02T11:33:25.866425+05:30] [DEBUG] GET /api/comparison -> clean_clients=25 poisoned_clients=50
[2026-10-02T11:33:27.871215+05:30] [DEBUG] GET /api/run-state -> running=True phase=poisoned clean_exit=0 poisoned_exit=None
[2026-10-02T11:33:29.875351+05:30] [DEBUG] GET /api/metrics -> clients=10 global=2 statuses=5 phase=aggregate
[2026-10-02T11:33:30.873816+05:30] [DEBUG] GET /api/comparison -> clean_clients=25 poisoned_clients=50
[2026-10-02T11:33:33.864901+05:30] [DEBUG] GET /api/run-state -> running=True phase=poisoned clean_exit=0 poisoned_exit=None
[2026-10-02T11:33:34.876977+05:30] [DEBUG] GET /api/metrics -> clients=10 global=3 statuses=5 phase=train
[2026-10-02T11:33:35.872338+05:30] [DEBUG] GET /api/comparison -> clean_clients=25 poisoned_clients=50
[2026-10-02T11:33:38.869662+05:30] [DEBUG] GET /api/run-state -> running=True phase=poisoned clean_exit=0 poisoned_exit=None
[2026-10-02T11:33:39.879903+05:30] [DEBUG] GET /api/metrics -> clients=10 global=3 statuses=5 phase=train
[2026-10-02T11:33:40.894553+05:30] [DEBUG] GET /api/comparison -> clean_clients=25 poisoned_clients=50
[2026-10-02T11:33:43.866871+05:30] [DEBUG] GET /api/run-state -> running=True phase=poisoned clean_exit=0 poisoned_exit=None
[2026-10-02T11:33:44.884953+05:30] [DEBUG] GET /api/metrics -> clients=15 global=3 statuses=5 phase=train
[2026-10-02T11:33:46.872930+05:30] [DEBUG] GET /api/comparison -> clean_clients=25 poisoned_clients=50
[2026-10-02T11:33:48.873784+05:30] [DEBUG] GET /api/run-state -> running=True phase=poisoned clean_exit=0 poisoned_exit=None
[2026-10-02T11:33:50.884800+05:30] [DEBUG] GET /api/metrics -> clients=15 global=3 statuses=5 phase=aggregate
[2026-10-02T11:33:51.866575+05:30] [DEBUG] GET /api/comparison -> clean_clients=25 poisoned_clients=50
[2026-10-02T11:33:53.873506+05:30] [DEBUG] GET /api/run-state -> running=True phase=poisoned clean_exit=0 poisoned_exit=None
[2026-10-02T11:33:56.867314+05:30] [DEBUG] GET /api/comparison -> clean_clients=25 poisoned_clients=50
[2026-10-02T11:33:56.870366+05:30] [DEBUG] GET /api/metrics -> clients=15 global=4 statuses=5 phase=train
[2026-10-02T11:33:58.868202+05:30] [DEBUG] GET /api/run-state -> running=True phase=poisoned clean_exit=0 poisoned_exit=None
[2026-10-02T11:34:01.878574+05:30] [DEBUG] GET /api/comparison -> clean_clients=25 poisoned_clients=50
[2026-10-02T11:34:01.892391+05:30] [DEBUG] GET /api/metrics -> clients=15 global=4 statuses=5 phase=train
[2026-10-02T11:34:03.865213+05:30] [DEBUG] GET /api/run-state -> running=True phase=poisoned clean_exit=0 poisoned_exit=None
[2026-10-02T11:34:06.874876+05:30] [DEBUG] GET /api/comparison -> clean_clients=25 poisoned_clients=50
[2026-10-02T11:34:07.876646+05:30] [DEBUG] GET /api/metrics -> clients=20 global=4 statuses=5 phase=aggregate
[2026-10-02T11:34:08.868317+05:30] [DEBUG] GET /api/run-state -> running=True phase=poisoned clean_exit=0 poisoned_exit=None
[2026-10-02T11:34:11.873596+05:30] [DEBUG] GET /api/comparison -> clean_clients=25 poisoned_clients=50
[2026-10-02T11:34:12.881140+05:30] [DEBUG] GET /api/metrics -> clients=20 global=5 statuses=5 phase=evaluate
[2026-10-02T11:34:13.871952+05:30] [DEBUG] GET /api/run-state -> running=True phase=poisoned clean_exit=0 poisoned_exit=None
[2026-10-02T11:34:16.870400+05:30] [DEBUG] GET /api/comparison -> clean_clients=25 poisoned_clients=50
[2026-10-02T11:34:18.878020+05:30] [DEBUG] GET /api/run-state -> running=True phase=poisoned clean_exit=0 poisoned_exit=None
[2026-10-02T11:34:18.890340+05:30] [DEBUG] GET /api/metrics -> clients=20 global=5 statuses=5 phase=train
[2026-10-02T11:34:21.871118+05:30] [DEBUG] GET /api/comparison -> clean_clients=25 poisoned_clients=50
[2026-10-02T11:34:23.868077+05:30] [DEBUG] GET /api/run-state -> running=True phase=poisoned clean_exit=0 poisoned_exit=None
[2026-10-02T11:34:23.993709+05:30] [DEBUG] GET /api/metrics -> clients=24 global=5 statuses=5 phase=train
[2026-10-02T11:34:26.865296+05:30] [DEBUG] GET /api/comparison -> clean_clients=25 poisoned_clients=50
[2026-10-02T11:34:29.860830+05:30] [DEBUG] GET /api/run-state -> running=True phase=poisoned clean_exit=0 poisoned_exit=None
[2026-10-02T11:34:29.870975+05:30] [DEBUG] GET /api/metrics -> clients=25 global=5 statuses=5 phase=aggregate
[2026-10-02T11:34:31.865667+05:30] [DEBUG] GET /api/comparison -> clean_clients=25 poisoned_clients=50
[2026-10-02T11:34:34.870836+05:30] [DEBUG] GET /api/run-state -> running=True phase=poisoned clean_exit=0 poisoned_exit=None
[2026-10-02T11:34:34.877936+05:30] [DEBUG] GET /api/metrics -> clients=25 global=6 statuses=5 phase=evaluate
[2026-10-02T11:34:36.866119+05:30] [DEBUG] GET /api/comparison -> clean_clients=25 poisoned_clients=50
[2026-10-02T11:34:39.865517+05:30] [DEBUG] GET /api/run-state -> running=True phase=poisoned clean_exit=0 poisoned_exit=None
[2026-10-02T11:34:39.872482+05:30] [DEBUG] GET /api/metrics -> clients=25 global=6 statuses=5 phase=evaluate
[2026-10-02T11:34:41.877334+05:30] [DEBUG] GET /api/comparison -> clean_clients=25 poisoned_clients=50
[2026-10-02T11:34:44.865356+05:30] [DEBUG] GET /api/run-state -> running=True phase=poisoned clean_exit=0 poisoned_exit=None
[2026-10-02T11:34:44.871902+05:30] [DEBUG] GET /api/metrics -> clients=25 global=6 statuses=5 phase=evaluate
[2026-10-02T11:34:46.873146+05:30] [DEBUG] GET /api/comparison -> clean_clients=25 poisoned_clients=50
[2026-10-02T11:34:49.871879+05:30] [DEBUG] GET /api/run-state -> running=True phase=poisoned clean_exit=0 poisoned_exit=None
[2026-10-02T11:34:49.877946+05:30] [DEBUG] GET /api/metrics -> clients=25 global=6 statuses=5 phase=evaluate
[2026-10-02T11:34:52.866509+05:30] [DEBUG] GET /api/comparison -> clean_clients=25 poisoned_clients=50
[2026-10-02T11:34:54.868761+05:30] [DEBUG] GET /api/metrics -> clients=25 global=6 statuses=5 phase=evaluate
[2026-10-02T11:34:55.861867+05:30] [DEBUG] GET /api/run-state -> running=True phase=poisoned clean_exit=0 poisoned_exit=None
[2026-10-02T11:34:57.865447+05:30] [DEBUG] GET /api/comparison -> clean_clients=25 poisoned_clients=50
[2026-10-02T11:34:59.865141+05:30] [DEBUG] GET /api/metrics -> clients=25 global=6 statuses=5 phase=evaluate
[2026-10-02T11:35:00.862061+05:30] [DEBUG] GET /api/run-state -> running=True phase=poisoned clean_exit=0 poisoned_exit=None
[2026-10-02T11:35:02.870417+05:30] [DEBUG] GET /api/comparison -> clean_clients=25 poisoned_clients=50
[2026-10-02T11:35:05.859669+05:30] [DEBUG] GET /api/run-state -> running=True phase=poisoned clean_exit=0 poisoned_exit=None
[2026-10-02T11:35:05.865365+05:30] [DEBUG] GET /api/metrics -> clients=25 global=6 statuses=5 phase=evaluate
[2026-10-02T11:35:08.863969+05:30] [DEBUG] GET /api/comparison -> clean_clients=25 poisoned_clients=50
[2026-10-02T11:35:10.862327+05:30] [DEBUG] GET /api/run-state -> running=True phase=poisoned clean_exit=0 poisoned_exit=None
[2026-10-02T11:35:10.868379+05:30] [DEBUG] GET /api/metrics -> clients=25 global=6 statuses=5 phase=evaluate
[2026-10-02T11:35:13.862344+05:30] [DEBUG] GET /api/comparison -> clean_clients=25 poisoned_clients=50
[2026-10-02T11:35:15.870372+05:30] [DEBUG] GET /api/run-state -> running=True phase=poisoned clean_exit=0 poisoned_exit=None
[2026-10-02T11:35:15.875423+05:30] [DEBUG] GET /api/metrics -> clients=25 global=6 statuses=5 phase=evaluate
[2026-10-02T11:35:18.874207+05:30] [DEBUG] GET /api/comparison -> clean_clients=25 poisoned_clients=50
[2026-10-02T11:35:20.865242+05:30] [DEBUG] GET /api/run-state -> running=True phase=poisoned clean_exit=0 poisoned_exit=None
[2026-10-02T11:35:20.871933+05:30] [DEBUG] GET /api/metrics -> clients=25 global=6 statuses=5 phase=evaluate
[2026-10-02T11:35:24.410681+05:30] [DEBUG] Poisoned command exited rc=0 duration=756.3s
[2026-10-02T11:35:24.467065+05:30] [DEBUG] Snapshot poisoned: copied metrics files to E:\FedSecureLab\results\comparison\poisoned and 25 client fragments.
[2026-10-02T11:35:24.467065+05:30] [INFO] Saved poisoned snapshot with completed metrics; it will remain available during the next run.
[2026-10-02T11:35:24.467065+05:30] [INFO] Poisoned experiment completed successfully.
[2026-10-02T11:35:24.468582+05:30] [INFO] Comparison finished. Both clean and poisoned rows are available below.
[2026-10-02T11:35:24.472633+05:30] [DEBUG] Reset transient live metrics (client fragments, status files, live CSVs, phase file).
[2026-10-02T11:35:24.472633+05:30] [INFO] Cleared transient live metrics after completion; snapshots remain available.
[2026-10-02T11:35:24.868296+05:30] [DEBUG] GET /api/comparison -> clean_clients=25 poisoned_clients=25
[2026-10-02T11:35:25.868766+05:30] [DEBUG] GET /api/run-state -> running=False phase=done clean_exit=0 poisoned_exit=0
[2026-10-02T11:35:25.869772+05:30] [DEBUG] GET /api/metrics -> clients=0 global=0 statuses=0 phase=n/a
[2026-10-02T11:35:29.870513+05:30] [DEBUG] GET /api/comparison -> clean_clients=25 poisoned_clients=25
[2026-10-02T11:35:31.869682+05:30] [DEBUG] GET /api/run-state -> running=False phase=done clean_exit=0 poisoned_exit=0
[2026-10-02T11:35:31.870983+05:30] [DEBUG] GET /api/metrics -> clients=0 global=0 statuses=0 phase=n/a
[2026-10-02T11:35:35.870436+05:30] [DEBUG] GET /api/comparison -> clean_clients=25 poisoned_clients=25
[2026-10-02T11:35:37.862487+05:30] [DEBUG] GET /api/run-state -> running=False phase=done clean_exit=0 poisoned_exit=0
[2026-10-02T11:35:37.863999+05:30] [DEBUG] GET /api/metrics -> clients=0 global=0 statuses=0 phase=n/a
[2026-10-02T11:35:40.871735+05:30] [DEBUG] GET /api/comparison -> clean_clients=25 poisoned_clients=25
[2026-10-02T11:35:42.862377+05:30] [DEBUG] GET /api/run-state -> running=False phase=done clean_exit=0 poisoned_exit=0
[2026-10-02T11:35:42.863892+05:30] [DEBUG] GET /api/metrics -> clients=0 global=0 statuses=0 phase=n/a
[2026-10-02T11:35:45.865983+05:30] [DEBUG] GET /api/comparison -> clean_clients=25 poisoned_clients=25
[2026-10-02T11:35:47.870678+05:30] [DEBUG] GET /api/run-state -> running=False phase=done clean_exit=0 poisoned_exit=0
[2026-10-02T11:35:47.870678+05:30] [DEBUG] GET /api/metrics -> clients=0 global=0 statuses=0 phase=n/a
[2026-10-02T11:35:50.866898+05:30] [DEBUG] GET /api/comparison -> clean_clients=25 poisoned_clients=25
[2026-10-02T11:35:53.865406+05:30] [DEBUG] GET /api/run-state -> running=False phase=done clean_exit=0 poisoned_exit=0
[2026-10-02T11:35:53.866930+05:30] [DEBUG] GET /api/metrics -> clients=0 global=0 statuses=0 phase=n/a
[2026-10-02T11:35:56.869609+05:30] [DEBUG] GET /api/comparison -> clean_clients=25 poisoned_clients=25
[2026-10-02T11:35:58.864854+05:30] [DEBUG] GET /api/run-state -> running=False phase=done clean_exit=0 poisoned_exit=0
[2026-10-02T11:35:58.864854+05:30] [DEBUG] GET /api/metrics -> clients=0 global=0 statuses=0 phase=n/a
[2026-10-02T11:36:02.861533+05:30] [DEBUG] GET /api/comparison -> clean_clients=25 poisoned_clients=25
[2026-10-02T11:36:03.868889+05:30] [DEBUG] GET /api/run-state -> running=False phase=done clean_exit=0 poisoned_exit=0
[2026-10-02T11:36:03.869399+05:30] [DEBUG] GET /api/metrics -> clients=0 global=0 statuses=0 phase=n/a
[2026-10-02T11:36:07.864830+05:30] [DEBUG] GET /api/comparison -> clean_clients=25 poisoned_clients=25
[2026-10-02T11:36:09.865930+05:30] [DEBUG] GET /api/run-state -> running=False phase=done clean_exit=0 poisoned_exit=0
[2026-10-02T11:36:09.867442+05:30] [DEBUG] GET /api/metrics -> clients=0 global=0 statuses=0 phase=n/a
[2026-10-02T11:36:13.857680+05:30] [DEBUG] GET /api/comparison -> clean_clients=25 poisoned_clients=25
[2026-10-02T11:36:14.865594+05:30] [DEBUG] GET /api/run-state -> running=False phase=done clean_exit=0 poisoned_exit=0
[2026-10-02T11:36:14.867107+05:30] [DEBUG] GET /api/metrics -> clients=0 global=0 statuses=0 phase=n/a
[2026-10-02T11:36:18.859828+05:30] [DEBUG] GET /api/comparison -> clean_clients=25 poisoned_clients=25
[2026-10-02T11:36:19.867107+05:30] [DEBUG] GET /api/run-state -> running=False phase=done clean_exit=0 poisoned_exit=0
[2026-10-02T11:36:19.867107+05:30] [DEBUG] GET /api/metrics -> clients=0 global=0 statuses=0 phase=n/a
[2026-10-02T11:36:23.871211+05:30] [DEBUG] GET /api/comparison -> clean_clients=25 poisoned_clients=25
[2026-10-02T11:36:25.863814+05:30] [DEBUG] GET /api/run-state -> running=False phase=done clean_exit=0 poisoned_exit=0
[2026-10-02T11:36:25.865328+05:30] [DEBUG] GET /api/metrics -> clients=0 global=0 statuses=0 phase=n/a
[2026-10-02T11:36:28.868801+05:30] [DEBUG] GET /api/comparison -> clean_clients=25 poisoned_clients=25
[2026-10-02T11:36:30.861833+05:30] [DEBUG] GET /api/run-state -> running=False phase=done clean_exit=0 poisoned_exit=0
[2026-10-02T11:36:31.864905+05:30] [DEBUG] GET /api/metrics -> clients=0 global=0 statuses=0 phase=n/a
[2026-10-02T11:36:33.872485+05:30] [DEBUG] GET /api/comparison -> clean_clients=25 poisoned_clients=25
[2026-10-02T11:36:35.861934+05:30] [DEBUG] GET /api/run-state -> running=False phase=done clean_exit=0 poisoned_exit=0
[2026-10-02T11:36:37.860985+05:30] [DEBUG] GET /api/metrics -> clients=0 global=0 statuses=0 phase=n/a
[2026-10-02T11:36:38.866801+05:30] [DEBUG] GET /api/comparison -> clean_clients=25 poisoned_clients=25
[2026-10-02T11:36:40.856969+05:30] [DEBUG] GET /api/run-state -> running=False phase=done clean_exit=0 poisoned_exit=0
[2026-10-02T11:36:42.870430+05:30] [DEBUG] GET /api/metrics -> clients=0 global=0 statuses=0 phase=n/a
[2026-10-02T11:36:44.857834+05:30] [DEBUG] GET /api/comparison -> clean_clients=25 poisoned_clients=25
[2026-10-02T11:36:45.864924+05:30] [DEBUG] GET /api/run-state -> running=False phase=done clean_exit=0 poisoned_exit=0
[2026-10-02T11:36:47.871259+05:30] [DEBUG] GET /api/metrics -> clients=0 global=0 statuses=0 phase=n/a
[2026-10-02T11:36:49.861865+05:30] [DEBUG] GET /api/comparison -> clean_clients=25 poisoned_clients=25
[2026-10-02T11:36:51.862432+05:30] [DEBUG] GET /api/run-state -> running=False phase=done clean_exit=0 poisoned_exit=0
[2026-10-02T11:36:53.870196+05:30] [DEBUG] GET /api/metrics -> clients=0 global=0 statuses=0 phase=n/a
[2026-10-02T11:36:54.859948+05:30] [DEBUG] GET /api/comparison -> clean_clients=25 poisoned_clients=25
[2026-10-02T11:36:56.865491+05:30] [DEBUG] GET /api/run-state -> running=False phase=done clean_exit=0 poisoned_exit=0
[2026-10-02T11:36:59.872067+05:30] [DEBUG] GET /api/metrics -> clients=0 global=0 statuses=0 phase=n/a
[2026-10-02T11:36:59.873581+05:30] [DEBUG] GET /api/comparison -> clean_clients=25 poisoned_clients=25
[2026-10-02T11:37:02.867307+05:30] [DEBUG] GET /api/run-state -> running=False phase=done clean_exit=0 poisoned_exit=0
[2026-10-02T11:37:04.865411+05:30] [DEBUG] GET /api/comparison -> clean_clients=25 poisoned_clients=25
[2026-10-02T11:37:05.866922+05:30] [DEBUG] GET /api/metrics -> clients=0 global=0 statuses=0 phase=n/a
[2026-10-02T11:37:08.870144+05:30] [DEBUG] GET /api/run-state -> running=False phase=done clean_exit=0 poisoned_exit=0
[2026-10-02T11:37:09.872707+05:30] [DEBUG] GET /api/comparison -> clean_clients=25 poisoned_clients=25
[2026-10-02T11:37:11.864145+05:30] [DEBUG] GET /api/metrics -> clients=0 global=0 statuses=0 phase=n/a
[2026-10-02T11:37:14.865591+05:30] [DEBUG] GET /api/run-state -> running=False phase=done clean_exit=0 poisoned_exit=0
[2026-10-02T11:37:14.868616+05:30] [DEBUG] GET /api/comparison -> clean_clients=25 poisoned_clients=25
[2026-10-02T11:37:16.870368+05:30] [DEBUG] GET /api/metrics -> clients=0 global=0 statuses=0 phase=n/a
[2026-10-02T11:37:20.859817+05:30] [DEBUG] GET /api/run-state -> running=False phase=done clean_exit=0 poisoned_exit=0
[2026-10-02T11:37:20.861855+05:30] [DEBUG] GET /api/comparison -> clean_clients=25 poisoned_clients=25
[2026-10-02T11:37:22.860019+05:30] [DEBUG] GET /api/metrics -> clients=0 global=0 statuses=0 phase=n/a
[2026-10-02T11:37:25.860209+05:30] [DEBUG] GET /api/run-state -> running=False phase=done clean_exit=0 poisoned_exit=0
[2026-10-02T11:37:25.861723+05:30] [DEBUG] GET /api/comparison -> clean_clients=25 poisoned_clients=25
[2026-10-02T11:37:27.862550+05:30] [DEBUG] GET /api/metrics -> clients=0 global=0 statuses=0 phase=n/a
[2026-10-02T11:37:30.858091+05:30] [DEBUG] GET /api/run-state -> running=False phase=done clean_exit=0 poisoned_exit=0
[2026-10-02T11:37:30.861117+05:30] [DEBUG] GET /api/comparison -> clean_clients=25 poisoned_clients=25
[2026-10-02T11:37:32.868545+05:30] [DEBUG] GET /api/metrics -> clients=0 global=0 statuses=0 phase=n/a
[2026-10-02T11:37:35.860457+05:30] [DEBUG] GET /api/run-state -> running=False phase=done clean_exit=0 poisoned_exit=0
[2026-10-02T11:37:35.862530+05:30] [DEBUG] GET /api/comparison -> clean_clients=25 poisoned_clients=25
[2026-10-02T11:37:37.869434+05:30] [DEBUG] GET /api/metrics -> clients=0 global=0 statuses=0 phase=n/a
[2026-10-02T11:37:40.856460+05:30] [DEBUG] GET /api/run-state -> running=False phase=done clean_exit=0 poisoned_exit=0
[2026-10-02T11:37:40.859484+05:30] [DEBUG] GET /api/comparison -> clean_clients=25 poisoned_clients=25
[2026-10-02T11:37:42.865479+05:30] [DEBUG] GET /api/metrics -> clients=0 global=0 statuses=0 phase=n/a
[2026-10-02T11:37:45.866384+05:30] [DEBUG] GET /api/run-state -> running=False phase=done clean_exit=0 poisoned_exit=0
[2026-10-02T11:37:45.867983+05:30] [DEBUG] GET /api/comparison -> clean_clients=25 poisoned_clients=25
[2026-10-02T11:37:48.860844+05:30] [DEBUG] GET /api/metrics -> clients=0 global=0 statuses=0 phase=n/a
[2026-10-02T11:37:51.865714+05:30] [DEBUG] GET /api/run-state -> running=False phase=done clean_exit=0 poisoned_exit=0
[2026-10-02T11:37:51.867238+05:30] [DEBUG] GET /api/comparison -> clean_clients=25 poisoned_clients=25
[2026-10-02T11:37:53.866248+05:30] [DEBUG] GET /api/metrics -> clients=0 global=0 statuses=0 phase=n/a
[2026-10-02T11:37:56.865179+05:30] [DEBUG] GET /api/run-state -> running=False phase=done clean_exit=0 poisoned_exit=0
[2026-10-02T11:37:56.866691+05:30] [DEBUG] GET /api/comparison -> clean_clients=25 poisoned_clients=25
[2026-10-02T11:37:59.858649+05:30] [DEBUG] GET /api/metrics -> clients=0 global=0 statuses=0 phase=n/a
[2026-10-02T11:38:01.867220+05:30] [DEBUG] GET /api/run-state -> running=False phase=done clean_exit=0 poisoned_exit=0
[2026-10-02T11:38:01.870244+05:30] [DEBUG] GET /api/comparison -> clean_clients=25 poisoned_clients=25
[2026-10-02T11:38:04.856578+05:30] [DEBUG] GET /api/metrics -> clients=0 global=0 statuses=0 phase=n/a
[2026-10-02T11:38:08.241805+05:30] [DEBUG] GET /api/run-state -> running=False phase=done clean_exit=0 poisoned_exit=0
[2026-10-02T11:38:08.243389+05:30] [DEBUG] GET /api/comparison -> clean_clients=25 poisoned_clients=25
[2026-10-02T11:38:10.246875+05:30] [DEBUG] GET /api/metrics -> clients=0 global=0 statuses=0 phase=n/a
